date,product,items_sold,items_wasted,temperature,precipitation,day_of_week,isWeekend,isHoliday
2024-01-01,Strawberries,52,10,38.2,0.0,0,0,1
2024-01-01,Chocolate,93,4,38.2,0.0,0,0,1
2024-01-01,Eggs,107,8,38.2,0.0,0,0,1
2024-01-01,Milk,131,12,38.2,0.0,0,0,1
2024-01-01,Hot-Dogs,51,5,38.2,0.0,0,0,1
2024-01-02,Strawberries,31,5,31.8,0.0,1,0,0
2024-01-02,Chocolate,59,2,31.8,0.0,1,0,0
2024-01-02,Eggs,62,5,31.8,0.0,1,0,0
2024-01-02,Milk,83,8,31.8,0.0,1,0,0
2024-01-02,Hot-Dogs,42,4,31.8,0.0,1,0,0
2024-01-03,Strawberries,35,7,34.4,0.0,2,0,0
2024-01-03,Chocolate,60,3,34.4,0.0,2,0,0
2024-01-03,Eggs,70,4,34.4,0.0,2,0,0
2024-01-03,Milk,84,8,34.4,0.0,2,0,0
2024-01-03,Hot-Dogs,40,4,34.4,0.0,2,0,0
2024-01-04,Strawberries,36,5,35.4,0.0,3,0,0
2024-01-04,Chocolate,66,2,35.4,0.0,3,0,0
2024-01-04,Eggs,80,6,35.4,0.0,3,0,0
2024-01-04,Milk,93,9,35.4,0.0,3,0,0
2024-01-04,Hot-Dogs,47,4,35.4,0.0,3,0,0
2024-01-05,Strawberries,46,6,28.6,0.0,4,0,0
2024-01-05,Chocolate,86,4,28.6,0.0,4,0,0
2024-01-05,Eggs,81,6,28.6,0.0,4,0,0
2024-01-05,Milk,110,13,28.6,0.0,4,0,0
2024-01-05,Hot-Dogs,44,4,28.6,0.0,4,0,0
2024-01-06,Strawberries,50,10,29.9,0.43,5,1,0
2024-01-06,Chocolate,61,3,29.9,0.43,5,1,0
2024-01-06,Eggs,103,7,29.9,0.43,5,1,0
2024-01-06,Milk,104,16,29.9,0.43,5,1,0
2024-01-06,Hot-Dogs,63,7,29.9,0.43,5,1,0
2024-01-07,Strawberries,52,8,34.6,0.29,6,1,0
2024-01-07,Chocolate,80,4,34.6,0.29,6,1,0
2024-01-07,Eggs,106,8,34.6,0.29,6,1,0
2024-01-07,Milk,104,12,34.6,0.29,6,1,0
2024-01-07,Hot-Dogs,54,6,34.6,0.29,6,1,0
2024-01-08,Strawberries,35,7,34.4,0.0,0,0,0
2024-01-08,Chocolate,50,2,34.4,0.0,0,0,0
2024-01-08,Eggs,86,7,34.4,0.0,0,0,0
2024-01-08,Milk,105,13,34.4,0.0,0,0,0
2024-01-08,Hot-Dogs,34,3,34.4,0.0,0,0,0
2024-01-09,Strawberries,26,4,37.6,1.24,1,0,0
2024-01-09,Chocolate,54,2,37.6,1.24,1,0,0
2024-01-09,Eggs,67,6,37.6,1.24,1,0,0
2024-01-09,Milk,72,8,37.6,1.24,1,0,0
2024-01-09,Hot-Dogs,36,3,37.6,1.24,1,0,0
2024-01-10,Strawberries,31,6,48.4,1.11,2,0,0
2024-01-10,Chocolate,45,2,48.4,1.11,2,0,0
2024-01-10,Eggs,65,5,48.4,1.11,2,0,0
2024-01-10,Milk,82,10,48.4,1.11,2,0,0
2024-01-10,Hot-Dogs,34,4,48.4,1.11,2,0,0
2024-01-11,Strawberries,44,8,39.9,0.0,3,0,0
2024-01-11,Chocolate,59,3,39.9,0.0,3,0,0
2024-01-11,Eggs,68,5,39.9,0.0,3,0,0
2024-01-11,Milk,90,11,39.9,0.0,3,0,0
2024-01-11,Hot-Dogs,42,4,39.9,0.0,3,0,0
2024-01-12,Strawberries,45,6,39.0,0.03,4,0,0
2024-01-12,Chocolate,71,3,39.0,0.03,4,0,0
2024-01-12,Eggs,72,6,39.0,0.03,4,0,0
2024-01-12,Milk,90,9,39.0,0.03,4,0,0
2024-01-12,Hot-Dogs,55,5,39.0,0.03,4,0,0
2024-01-13,Strawberries,45,10,48.2,0.9,5,1,0
2024-01-13,Chocolate,65,3,48.2,0.9,5,1,0
2024-01-13,Eggs,84,8,48.2,0.9,5,1,0
2024-01-13,Milk,90,11,48.2,0.9,5,1,0
2024-01-13,Hot-Dogs,69,6,48.2,0.9,5,1,0
2024-01-14,Strawberries,45,8,32.1,0.02,6,1,0
2024-01-14,Chocolate,66,2,32.1,0.02,6,1,0
2024-01-14,Eggs,97,7,32.1,0.02,6,1,0
2024-01-14,Milk,104,13,32.1,0.02,6,1,0
2024-01-14,Hot-Dogs,70,8,32.1,0.02,6,1,0
2024-01-15,Strawberries,42,8,25.6,0.03,0,0,1
2024-01-15,Chocolate,77,4,25.6,0.03,0,0,1
2024-01-15,Eggs,93,6,25.6,0.03,0,0,1
2024-01-15,Milk,126,15,25.6,0.03,0,0,1
2024-01-15,Hot-Dogs,51,4,25.6,0.03,0,0,1
2024-01-16,Strawberries,29,5,26.8,0.37,1,0,0
2024-01-16,Chocolate,65,4,26.8,0.37,1,0,0
2024-01-16,Eggs,65,5,26.8,0.37,1,0,0
2024-01-16,Milk,83,9,26.8,0.37,1,0,0
2024-01-16,Hot-Dogs,37,3,26.8,0.37,1,0,0
2024-01-17,Strawberries,35,5,20.1,0.0,2,0,0
2024-01-17,Chocolate,69,3,20.1,0.0,2,0,0
2024-01-17,Eggs,77,6,20.1,0.0,2,0,0
2024-01-17,Milk,97,13,20.1,0.0,2,0,0
2024-01-17,Hot-Dogs,39,4,20.1,0.0,2,0,0
2024-01-18,Strawberries,34,6,25.6,0.01,3,0,0
2024-01-18,Chocolate,62,3,25.6,0.01,3,0,0
2024-01-18,Eggs,86,6,25.6,0.01,3,0,0
2024-01-18,Milk,95,10,25.6,0.01,3,0,0
2024-01-18,Hot-Dogs,45,4,25.6,0.01,3,0,0
2024-01-19,Strawberries,35,6,27.4,0.11,4,0,0
2024-01-19,Chocolate,86,3,27.4,0.11,4,0,0
2024-01-19,Eggs,85,6,27.4,0.11,4,0,0
2024-01-19,Milk,114,15,27.4,0.11,4,0,0
2024-01-19,Hot-Dogs,48,4,27.4,0.11,4,0,0
2024-01-20,Strawberries,43,9,20.8,0.0,5,1,0
2024-01-20,Chocolate,81,3,20.8,0.0,5,1,0
2024-01-20,Eggs,112,10,20.8,0.0,5,1,0
2024-01-20,Milk,139,15,20.8,0.0,5,1,0
2024-01-20,Hot-Dogs,54,6,20.8,0.0,5,1,0
2024-01-21,Strawberries,52,8,22.8,0.0,6,1,0
2024-01-21,Chocolate,80,3,22.8,0.0,6,1,0
2024-01-21,Eggs,108,7,22.8,0.0,6,1,0
2024-01-21,Milk,130,17,22.8,0.0,6,1,0
2024-01-21,Hot-Dogs,61,4,22.8,0.0,6,1,0
2024-01-22,Strawberries,31,4,27.4,0.0,0,0,0
2024-01-22,Chocolate,66,3,27.4,0.0,0,0,0
2024-01-22,Eggs,72,5,27.4,0.0,0,0,0
2024-01-22,Milk,100,14,27.4,0.0,0,0,0
2024-01-22,Hot-Dogs,37,3,27.4,0.0,0,0,0
2024-01-23,Strawberries,33,5,33.7,0.07,1,0,0
2024-01-23,Chocolate,56,2,33.7,0.07,1,0,0
2024-01-23,Eggs,80,5,33.7,0.07,1,0,0
2024-01-23,Milk,108,15,33.7,0.07,1,0,0
2024-01-23,Hot-Dogs,37,3,33.7,0.07,1,0,0
2024-01-24,Strawberries,38,6,36.9,0.13,2,0,0
2024-01-24,Chocolate,66,3,36.9,0.13,2,0,0
2024-01-24,Eggs,83,6,36.9,0.13,2,0,0
2024-01-24,Milk,91,9,36.9,0.13,2,0,0
2024-01-24,Hot-Dogs,39,4,36.9,0.13,2,0,0
2024-01-25,Strawberries,46,10,47.7,0.22,3,0,0
2024-01-25,Chocolate,54,2,47.7,0.22,3,0,0
2024-01-25,Eggs,79,6,47.7,0.22,3,0,0
2024-01-25,Milk,95,13,47.7,0.22,3,0,0
2024-01-25,Hot-Dogs,44,4,47.7,0.22,3,0,0
2024-01-26,Strawberries,45,6,42.9,0.18,4,0,0
2024-01-26,Chocolate,80,3,42.9,0.18,4,0,0
2024-01-26,Eggs,79,5,42.9,0.18,4,0,0
2024-01-26,Milk,98,14,42.9,0.18,4,0,0
2024-01-26,Hot-Dogs,45,4,42.9,0.18,4,0,0
2024-01-27,Strawberries,46,8,41.4,0.0,5,1,0
2024-01-27,Chocolate,79,3,41.4,0.0,5,1,0
2024-01-27,Eggs,98,8,41.4,0.0,5,1,0
2024-01-27,Milk,129,16,41.4,0.0,5,1,0
2024-01-27,Hot-Dogs,64,7,41.4,0.0,5,1,0
2024-01-28,Strawberries,46,8,37.9,0.84,6,1,0
2024-01-28,Chocolate,63,3,37.9,0.84,6,1,0
2024-01-28,Eggs,85,6,37.9,0.84,6,1,0
2024-01-28,Milk,104,11,37.9,0.84,6,1,0
2024-01-28,Hot-Dogs,53,5,37.9,0.84,6,1,0
2024-01-29,Strawberries,37,6,37.1,0.03,0,0,0
2024-01-29,Chocolate,61,2,37.1,0.03,0,0,0
2024-01-29,Eggs,76,6,37.1,0.03,0,0,0
2024-01-29,Milk,92,9,37.1,0.03,0,0,0
2024-01-29,Hot-Dogs,36,3,37.1,0.03,0,0,0
2024-01-30,Strawberries,39,7,32.6,0.0,1,0,0
2024-01-30,Chocolate,63,2,32.6,0.0,1,0,0
2024-01-30,Eggs,68,5,32.6,0.0,1,0,0
2024-01-30,Milk,105,14,32.6,0.0,1,0,0
2024-01-30,Hot-Dogs,39,3,32.6,0.0,1,0,0
2024-01-31,Strawberries,33,5,35.7,0.01,2,0,0
2024-01-31,Chocolate,66,2,35.7,0.01,2,0,0
2024-01-31,Eggs,84,5,35.7,0.01,2,0,0
2024-01-31,Milk,93,9,35.7,0.01,2,0,0
2024-01-31,Hot-Dogs,45,4,35.7,0.01,2,0,0
2024-02-01,Strawberries,37,7,35.9,0.02,3,0,0
2024-02-01,Chocolate,67,2,35.9,0.02,3,0,0
2024-02-01,Eggs,77,5,35.9,0.02,3,0,0
2024-02-01,Milk,106,14,35.9,0.02,3,0,0
2024-02-01,Hot-Dogs,40,3,35.9,0.02,3,0,0
2024-02-02,Strawberries,45,9,38.6,0.25,4,0,0
2024-02-02,Chocolate,66,3,38.6,0.25,4,0,0
2024-02-02,Eggs,82,7,38.6,0.25,4,0,0
2024-02-02,Milk,95,10,38.6,0.25,4,0,0
2024-02-02,Hot-Dogs,53,5,38.6,0.25,4,0,0
2024-02-03,Strawberries,54,10,33.9,0.0,5,1,0
2024-02-03,Chocolate,65,2,33.9,0.0,5,1,0
2024-02-03,Eggs,115,7,33.9,0.0,5,1,0
2024-02-03,Milk,140,19,33.9,0.0,5,1,0
2024-02-03,Hot-Dogs,63,5,33.9,0.0,5,1,0
2024-02-04,Strawberries,52,9,33.4,0.0,6,1,0
2024-02-04,Chocolate,67,3,33.4,0.0,6,1,0
2024-02-04,Eggs,121,8,33.4,0.0,6,1,0
2024-02-04,Milk,131,15,33.4,0.0,6,1,0
2024-02-04,Hot-Dogs,54,4,33.4,0.0,6,1,0
2024-02-05,Strawberries,35,6,33.4,0.0,0,0,0
2024-02-05,Chocolate,54,2,33.4,0.0,0,0,0
2024-02-05,Eggs,74,5,33.4,0.0,0,0,0
2024-02-05,Milk,112,12,33.4,0.0,0,0,0
2024-02-05,Hot-Dogs,42,3,33.4,0.0,0,0,0
2024-02-06,Strawberries,36,7,31.3,0.0,1,0,0
2024-02-06,Chocolate,60,3,31.3,0.0,1,0,0
2024-02-06,Eggs,78,5,31.3,0.0,1,0,0
2024-02-06,Milk,89,11,31.3,0.0,1,0,0
2024-02-06,Hot-Dogs,43,4,31.3,0.0,1,0,0
2024-02-07,Strawberries,36,6,34.6,0.0,2,0,0
2024-02-07,Chocolate,55,2,34.6,0.0,2,0,0
2024-02-07,Eggs,85,5,34.6,0.0,2,0,0
2024-02-07,Milk,94,11,34.6,0.0,2,0,0
2024-02-07,Hot-Dogs,39,4,34.6,0.0,2,0,0
2024-02-08,Strawberries,35,6,35.6,0.0,3,0,0
2024-02-08,Chocolate,59,2,35.6,0.0,3,0,0
2024-02-08,Eggs,85,7,35.6,0.0,3,0,0
2024-02-08,Milk,95,13,35.6,0.0,3,0,0
2024-02-08,Hot-Dogs,48,5,35.6,0.0,3,0,0
2024-02-09,Strawberries,46,9,41.2,0.0,4,0,0
2024-02-09,Chocolate,71,3,41.2,0.0,4,0,0
2024-02-09,Eggs,96,8,41.2,0.0,4,0,0
2024-02-09,Milk,100,10,41.2,0.0,4,0,0
2024-02-09,Hot-Dogs,58,6,41.2,0.0,4,0,0
2024-02-10,Strawberries,54,7,46.7,0.0,5,1,0
2024-02-10,Chocolate,65,2,46.7,0.0,5,1,0
2024-02-10,Eggs,118,10,46.7,0.0,5,1,0
2024-02-10,Milk,104,12,46.7,0.0,5,1,0
2024-02-10,Hot-Dogs,73,6,46.7,0.0,5,1,0
2024-02-11,Strawberries,55,11,44.1,0.0,6,1,0
2024-02-11,Chocolate,80,3,44.1,0.0,6,1,0
2024-02-11,Eggs,96,8,44.1,0.0,6,1,0
2024-02-11,Milk,132,13,44.1,0.0,6,1,0
2024-02-11,Hot-Dogs,58,5,44.1,0.0,6,1,0
2024-02-12,Strawberries,33,5,38.9,0.0,0,0,0
2024-02-12,Chocolate,61,2,38.9,0.0,0,0,0
2024-02-12,Eggs,79,6,38.9,0.0,0,0,0
2024-02-12,Milk,113,14,38.9,0.0,0,0,0
2024-02-12,Hot-Dogs,34,2,38.9,0.0,0,0,0
2024-02-13,Strawberries,31,7,33.5,1.09,1,0,0
2024-02-13,Chocolate,50,2,33.5,1.09,1,0,0
2024-02-13,Eggs,59,4,33.5,1.09,1,0,0
2024-02-13,Milk,91,11,33.5,1.09,1,0,0
2024-02-13,Hot-Dogs,35,3,33.5,1.09,1,0,0
2024-02-14,Strawberries,52,8,28.3,0.0,2,0,1
2024-02-14,Chocolate,109,5,28.3,0.0,2,0,1
2024-02-14,Eggs,89,6,28.3,0.0,2,0,1
2024-02-14,Milk,105,14,28.3,0.0,2,0,1
2024-02-14,Hot-Dogs,48,3,28.3,0.0,2,0,1
2024-02-15,Strawberries,39,7,30.0,0.01,3,0,0
2024-02-15,Chocolate,71,3,30.0,0.01,3,0,0
2024-02-15,Eggs,77,5,30.0,0.01,3,0,0
2024-02-15,Milk,112,11,30.0,0.01,3,0,0
2024-02-15,Hot-Dogs,43,5,30.0,0.01,3,0,0
2024-02-16,Strawberries,37,7,34.1,0.0,4,0,0
2024-02-16,Chocolate,79,3,34.1,0.0,4,0,0
2024-02-16,Eggs,73,6,34.1,0.0,4,0,0
2024-02-16,Milk,113,14,34.1,0.0,4,0,0
2024-02-16,Hot-Dogs,46,5,34.1,0.0,4,0,0
2024-02-17,Strawberries,42,9,30.1,0.23,5,1,0
2024-02-17,Chocolate,63,3,30.1,0.23,5,1,0
2024-02-17,Eggs,107,9,30.1,0.23,5,1,0
2024-02-17,Milk,126,16,30.1,0.23,5,1,0
2024-02-17,Hot-Dogs,65,7,30.1,0.23,5,1,0
2024-02-18,Strawberries,43,8,28.3,0.0,6,1,0
2024-02-18,Chocolate,68,3,28.3,0.0,6,1,0
2024-02-18,Eggs,96,7,28.3,0.0,6,1,0
2024-02-18,Milk,112,12,28.3,0.0,6,1,0
2024-02-18,Hot-Dogs,62,5,28.3,0.0,6,1,0
2024-02-19,Strawberries,38,6,31.2,0.0,0,0,0
2024-02-19,Chocolate,60,2,31.2,0.0,0,0,0
2024-02-19,Eggs,83,5,31.2,0.0,0,0,0
2024-02-19,Milk,112,11,31.2,0.0,0,0,0
2024-02-19,Hot-Dogs,42,4,31.2,0.0,0,0,0
2024-02-20,Strawberries,29,4,27.0,0.0,1,0,0
2024-02-20,Chocolate,61,2,27.0,0.0,1,0,0
2024-02-20,Eggs,63,4,27.0,0.0,1,0,0
2024-02-20,Milk,101,10,27.0,0.0,1,0,0
2024-02-20,Hot-Dogs,37,3,27.0,0.0,1,0,0
2024-02-21,Strawberries,42,7,29.8,0.0,2,0,0
2024-02-21,Chocolate,56,2,29.8,0.0,2,0,0
2024-02-21,Eggs,68,6,29.8,0.0,2,0,0
2024-02-21,Milk,91,12,29.8,0.0,2,0,0
2024-02-21,Hot-Dogs,44,3,29.8,0.0,2,0,0
2024-02-22,Strawberries,42,7,33.7,0.01,3,0,0
2024-02-22,Chocolate,76,4,33.7,0.01,3,0,0
2024-02-22,Eggs,82,5,33.7,0.01,3,0,0
2024-02-22,Milk,89,11,33.7,0.01,3,0,0
2024-02-22,Hot-Dogs,49,5,33.7,0.01,3,0,0
2024-02-23,Strawberries,41,6,39.9,0.12,4,0,0
2024-02-23,Chocolate,62,2,39.9,0.12,4,0,0
2024-02-23,Eggs,72,5,39.9,0.12,4,0,0
2024-02-23,Milk,93,12,39.9,0.12,4,0,0
2024-02-23,Hot-Dogs,54,4,39.9,0.12,4,0,0
2024-02-24,Strawberries,47,8,35.9,0.0,5,1,0
2024-02-24,Chocolate,81,4,35.9,0.0,5,1,0
2024-02-24,Eggs,94,6,35.9,0.0,5,1,0
2024-02-24,Milk,135,14,35.9,0.0,5,1,0
2024-02-24,Hot-Dogs,70,6,35.9,0.0,5,1,0
2024-02-25,Strawberries,41,7,27.8,0.0,6,1,0
2024-02-25,Chocolate,65,3,27.8,0.0,6,1,0
2024-02-25,Eggs,122,8,27.8,0.0,6,1,0
2024-02-25,Milk,128,16,27.8,0.0,6,1,0
2024-02-25,Hot-Dogs,56,4,27.8,0.0,6,1,0
2024-02-26,Strawberries,31,5,37.9,0.11,0,0,0
2024-02-26,Chocolate,64,3,37.9,0.11,0,0,0
2024-02-26,Eggs,77,6,37.9,0.11,0,0,0
2024-02-26,Milk,106,14,37.9,0.11,0,0,0
2024-02-26,Hot-Dogs,42,3,37.9,0.11,0,0,0
2024-02-27,Strawberries,42,7,45.6,0.15,1,0,0
2024-02-27,Chocolate,54,2,45.6,0.15,1,0,0
2024-02-27,Eggs,66,4,45.6,0.15,1,0,0
2024-02-27,Milk,90,12,45.6,0.15,1,0,0
2024-02-27,Hot-Dogs,48,4,45.6,0.15,1,0,0
2024-02-28,Strawberries,35,7,56.4,0.62,2,0,0
2024-02-28,Chocolate,52,3,56.4,0.62,2,0,0
2024-02-28,Eggs,60,4,56.4,0.62,2,0,0
2024-02-28,Milk,84,10,56.4,0.62,2,0,0
2024-02-28,Hot-Dogs,43,5,56.4,0.62,2,0,0
2024-02-29,Strawberries,44,7,33.7,0.0,3,0,0
2024-02-29,Chocolate,70,3,33.7,0.0,3,0,0
2024-02-29,Eggs,72,6,33.7,0.0,3,0,0
2024-02-29,Milk,103,11,33.7,0.0,3,0,0
2024-02-29,Hot-Dogs,45,5,33.7,0.0,3,0,0
2024-03-01,Strawberries,49,9,33.3,0.0,4,0,0
2024-03-01,Chocolate,77,4,33.3,0.0,4,0,0
2024-03-01,Eggs,71,4,33.3,0.0,4,0,0
2024-03-01,Milk,98,12,33.3,0.0,4,0,0
2024-03-01,Hot-Dogs,51,6,33.3,0.0,4,0,0
2024-03-02,Strawberries,44,9,43.7,1.11,5,1,0
2024-03-02,Chocolate,66,3,43.7,1.11,5,1,0
2024-03-02,Eggs,96,8,43.7,1.11,5,1,0
2024-03-02,Milk,108,13,43.7,1.11,5,1,0
2024-03-02,Hot-Dogs,61,6,43.7,1.11,5,1,0
2024-03-03,Strawberries,55,10,52.7,0.0,6,1,0
2024-03-03,Chocolate,68,2,52.7,0.0,6,1,0
2024-03-03,Eggs,93,6,52.7,0.0,6,1,0
2024-03-03,Milk,110,12,52.7,0.0,6,1,0
2024-03-03,Hot-Dogs,79,7,52.7,0.0,6,1,0
2024-03-04,Strawberries,38,6,46.6,0.0,0,0,0
2024-03-04,Chocolate,52,2,46.6,0.0,0,0,0
2024-03-04,Eggs,79,6,46.6,0.0,0,0,0
2024-03-04,Milk,88,10,46.6,0.0,0,0,0
2024-03-04,Hot-Dogs,42,4,46.6,0.0,0,0,0
2024-03-05,Strawberries,38,6,43.5,0.8,1,0,0
2024-03-05,Chocolate,46,2,43.5,0.8,1,0,0
2024-03-05,Eggs,59,5,43.5,0.8,1,0,0
2024-03-05,Milk,93,11,43.5,0.8,1,0,0
2024-03-05,Hot-Dogs,38,3,43.5,0.8,1,0,0
2024-03-06,Strawberries,34,6,44.7,1.31,2,0,0
2024-03-06,Chocolate,52,3,44.7,1.31,2,0,0
2024-03-06,Eggs,52,5,44.7,1.31,2,0,0
2024-03-06,Milk,83,12,44.7,1.31,2,0,0
2024-03-06,Hot-Dogs,38,3,44.7,1.31,2,0,0
2024-03-07,Strawberries,48,8,49.3,0.14,3,0,0
2024-03-07,Chocolate,56,3,49.3,0.14,3,0,0
2024-03-07,Eggs,82,6,49.3,0.14,3,0,0
2024-03-07,Milk,108,11,49.3,0.14,3,0,0
2024-03-07,Hot-Dogs,49,5,49.3,0.14,3,0,0
2024-03-08,Strawberries,42,8,42.7,0.0,4,0,0
2024-03-08,Chocolate,66,2,42.7,0.0,4,0,0
2024-03-08,Eggs,84,7,42.7,0.0,4,0,0
2024-03-08,Milk,116,13,42.7,0.0,4,0,0
2024-03-08,Hot-Dogs,55,4,42.7,0.0,4,0,0
2024-03-09,Strawberries,42,7,41.3,1.13,5,1,0
2024-03-09,Chocolate,65,3,41.3,1.13,5,1,0
2024-03-09,Eggs,99,8,41.3,1.13,5,1,0
2024-03-09,Milk,94,10,41.3,1.13,5,1,0
2024-03-09,Hot-Dogs,50,4,41.3,1.13,5,1,0
2024-03-10,Strawberries,53,9,44.9,0.82,6,1,0
2024-03-10,Chocolate,55,3,44.9,0.82,6,1,0
2024-03-10,Eggs,95,8,44.9,0.82,6,1,0
2024-03-10,Milk,94,11,44.9,0.82,6,1,0
2024-03-10,Hot-Dogs,55,5,44.9,0.82,6,1,0
2024-03-11,Strawberries,31,6,40.9,0.0,0,0,0
2024-03-11,Chocolate,62,2,40.9,0.0,0,0,0
2024-03-11,Eggs,78,7,40.9,0.0,0,0,0
2024-03-11,Milk,112,15,40.9,0.0,0,0,0
2024-03-11,Hot-Dogs,40,4,40.9,0.0,0,0,0
2024-03-12,Strawberries,42,6,48.5,0.0,1,0,0
2024-03-12,Chocolate,58,3,48.5,0.0,1,0,0
2024-03-12,Eggs,78,6,48.5,0.0,1,0,0
2024-03-12,Milk,84,9,48.5,0.0,1,0,0
2024-03-12,Hot-Dogs,46,4,48.5,0.0,1,0,0
2024-03-13,Strawberries,46,8,47.5,0.0,2,0,0
2024-03-13,Chocolate,55,2,47.5,0.0,2,0,0
2024-03-13,Eggs,66,5,47.5,0.0,2,0,0
2024-03-13,Milk,93,9,47.5,0.0,2,0,0
2024-03-13,Hot-Dogs,47,4,47.5,0.0,2,0,0
2024-03-14,Strawberries,45,7,52.8,0.0,3,0,0
2024-03-14,Chocolate,72,3,52.8,0.0,3,0,0
2024-03-14,Eggs,85,6,52.8,0.0,3,0,0
2024-03-14,Milk,93,11,52.8,0.0,3,0,0
2024-03-14,Hot-Dogs,48,5,52.8,0.0,3,0,0
2024-03-15,Strawberries,57,9,58.7,0.03,4,0,0
2024-03-15,Chocolate,59,3,58.7,0.03,4,0,0
2024-03-15,Eggs,74,6,58.7,0.03,4,0,0
2024-03-15,Milk,96,12,58.7,0.03,4,0,0
2024-03-15,Hot-Dogs,60,5,58.7,0.03,4,0,0
2024-03-16,Strawberries,49,8,48.6,0.0,5,1,0
2024-03-16,Chocolate,61,3,48.6,0.0,5,1,0
2024-03-16,Eggs,98,9,48.6,0.0,5,1,0
2024-03-16,Milk,124,12,48.6,0.0,5,1,0
2024-03-16,Hot-Dogs,62,5,48.6,0.0,5,1,0
2024-03-17,Strawberries,54,9,51.4,0.02,6,1,0
2024-03-17,Chocolate,73,4,51.4,0.02,6,1,0
2024-03-17,Eggs,120,10,51.4,0.02,6,1,0
2024-03-17,Milk,137,15,51.4,0.02,6,1,0
2024-03-17,Hot-Dogs,64,7,51.4,0.02,6,1,0
2024-03-18,Strawberries,41,7,43.9,0.0,0,0,0
2024-03-18,Chocolate,52,2,43.9,0.0,0,0,0
2024-03-18,Eggs,66,5,43.9,0.0,0,0,0
2024-03-18,Milk,86,12,43.9,0.0,0,0,0
2024-03-18,Hot-Dogs,40,3,43.9,0.0,0,0,0
2024-03-19,Strawberries,36,5,38.2,0.02,1,0,0
2024-03-19,Chocolate,58,2,38.2,0.02,1,0,0
2024-03-19,Eggs,68,5,38.2,0.02,1,0,0
2024-03-19,Milk,103,14,38.2,0.02,1,0,0
2024-03-19,Hot-Dogs,44,4,38.2,0.02,1,0,0
2024-03-20,Strawberries,40,7,42.5,0.11,2,0,0
2024-03-20,Chocolate,69,2,42.5,0.11,2,0,0
2024-03-20,Eggs,70,5,42.5,0.11,2,0,0
2024-03-20,Milk,98,11,42.5,0.11,2,0,0
2024-03-20,Hot-Dogs,50,5,42.5,0.11,2,0,0
2024-03-21,Strawberries,38,7,33.2,0.0,3,0,0
2024-03-21,Chocolate,73,3,33.2,0.0,3,0,0
2024-03-21,Eggs,89,6,33.2,0.0,3,0,0
2024-03-21,Milk,115,11,33.2,0.0,3,0,0
2024-03-21,Hot-Dogs,47,4,33.2,0.0,3,0,0
2024-03-22,Strawberries,42,6,33.4,0.0,4,0,0
2024-03-22,Chocolate,80,4,33.4,0.0,4,0,0
2024-03-22,Eggs,96,8,33.4,0.0,4,0,0
2024-03-22,Milk,105,10,33.4,0.0,4,0,0
2024-03-22,Hot-Dogs,43,4,33.4,0.0,4,0,0
2024-03-23,Strawberries,34,5,42.2,2.5,5,1,0
2024-03-23,Chocolate,39,2,42.2,2.5,5,1,0
2024-03-23,Eggs,71,5,42.2,2.5,5,1,0
2024-03-23,Milk,79,11,42.2,2.5,5,1,0
2024-03-23,Hot-Dogs,45,5,42.2,2.5,5,1,0
2024-03-24,Strawberries,51,10,36.5,0.0,6,1,0
2024-03-24,Chocolate,74,3,36.5,0.0,6,1,0
2024-03-24,Eggs,115,9,36.5,0.0,6,1,0
2024-03-24,Milk,132,17,36.5,0.0,6,1,0
2024-03-24,Hot-Dogs,68,8,36.5,0.0,6,1,0
2024-03-25,Strawberries,30,4,39.1,0.0,0,0,0
2024-03-25,Chocolate,53,2,39.1,0.0,0,0,0
2024-03-25,Eggs,67,4,39.1,0.0,0,0,0
2024-03-25,Milk,90,11,39.1,0.0,0,0,0
2024-03-25,Hot-Dogs,40,4,39.1,0.0,0,0,0
2024-03-26,Strawberries,38,6,41.9,0.0,1,0,0
2024-03-26,Chocolate,51,2,41.9,0.0,1,0,0
2024-03-26,Eggs,73,6,41.9,0.0,1,0,0
2024-03-26,Milk,101,14,41.9,0.0,1,0,0
2024-03-26,Hot-Dogs,38,3,41.9,0.0,1,0,0
2024-03-27,Strawberries,44,9,45.2,0.02,2,0,0
2024-03-27,Chocolate,71,3,45.2,0.02,2,0,0
2024-03-27,Eggs,69,5,45.2,0.02,2,0,0
2024-03-27,Milk,100,14,45.2,0.02,2,0,0
2024-03-27,Hot-Dogs,46,4,45.2,0.02,2,0,0
2024-03-28,Strawberries,34,6,47.1,0.85,3,0,0
2024-03-28,Chocolate,57,3,47.1,0.85,3,0,0
2024-03-28,Eggs,64,6,47.1,0.85,3,0,0
2024-03-28,Milk,82,11,47.1,0.85,3,0,0
2024-03-28,Hot-Dogs,41,3,47.1,0.85,3,0,0
2024-03-29,Strawberries,40,7,45.2,0.02,4,0,0
2024-03-29,Chocolate,81,4,45.2,0.02,4,0,0
2024-03-29,Eggs,75,5,45.2,0.02,4,0,0
2024-03-29,Milk,113,12,45.2,0.02,4,0,0
2024-03-29,Hot-Dogs,50,4,45.2,0.02,4,0,0
2024-03-30,Strawberries,49,10,46.4,0.0,5,1,0
2024-03-30,Chocolate,76,3,46.4,0.0,5,1,0
2024-03-30,Eggs,104,7,46.4,0.0,5,1,0
2024-03-30,Milk,120,14,46.4,0.0,5,1,0
2024-03-30,Hot-Dogs,62,7,46.4,0.0,5,1,0
2024-03-31,Strawberries,63,11,50.7,0.01,6,1,0
2024-03-31,Chocolate,81,3,50.7,0.01,6,1,0
2024-03-31,Eggs,106,9,50.7,0.01,6,1,0
2024-03-31,Milk,103,14,50.7,0.01,6,1,0
2024-03-31,Hot-Dogs,63,7,50.7,0.01,6,1,0
2024-04-01,Strawberries,38,7,47.0,0.13,0,0,0
2024-04-01,Chocolate,49,2,47.0,0.13,0,0,0
2024-04-01,Eggs,82,7,47.0,0.13,0,0,0
2024-04-01,Milk,93,11,47.0,0.13,0,0,0
2024-04-01,Hot-Dogs,41,4,47.0,0.13,0,0,0
2024-04-02,Strawberries,38,6,45.0,0.75,1,0,0
2024-04-02,Chocolate,56,2,45.0,0.75,1,0,0
2024-04-02,Eggs,69,5,45.0,0.75,1,0,0
2024-04-02,Milk,72,7,45.0,0.75,1,0,0
2024-04-02,Hot-Dogs,40,4,45.0,0.75,1,0,0
2024-04-03,Strawberries,33,7,42.2,1.01,2,0,0
2024-04-03,Chocolate,56,2,42.2,1.01,2,0,0
2024-04-03,Eggs,72,5,42.2,1.01,2,0,0
2024-04-03,Milk,88,9,42.2,1.01,2,0,0
2024-04-03,Hot-Dogs,37,3,42.2,1.01,2,0,0
2024-04-04,Strawberries,38,7,42.0,0.36,3,0,0
2024-04-04,Chocolate,55,3,42.0,0.36,3,0,0
2024-04-04,Eggs,80,6,42.0,0.36,3,0,0
2024-04-04,Milk,109,12,42.0,0.36,3,0,0
2024-04-04,Hot-Dogs,49,6,42.0,0.36,3,0,0
2024-04-05,Strawberries,53,9,41.6,0.0,4,0,0
2024-04-05,Chocolate,63,3,41.6,0.0,4,0,0
2024-04-05,Eggs,92,7,41.6,0.0,4,0,0
2024-04-05,Milk,101,13,41.6,0.0,4,0,0
2024-04-05,Hot-Dogs,50,4,41.6,0.0,4,0,0
2024-04-06,Strawberries,47,7,44.2,0.01,5,1,0
2024-04-06,Chocolate,75,3,44.2,0.01,5,1,0
2024-04-06,Eggs,114,7,44.2,0.01,5,1,0
2024-04-06,Milk,110,12,44.2,0.01,5,1,0
2024-04-06,Hot-Dogs,59,5,44.2,0.01,5,1,0
2024-04-07,Strawberries,50,9,44.7,0.0,6,1,0
2024-04-07,Chocolate,67,3,44.7,0.0,6,1,0
2024-04-07,Eggs,108,9,44.7,0.0,6,1,0
2024-04-07,Milk,132,13,44.7,0.0,6,1,0
2024-04-07,Hot-Dogs,66,5,44.7,0.0,6,1,0
2024-04-08,Strawberries,39,6,47.8,0.04,0,0,0
2024-04-08,Chocolate,53,3,47.8,0.04,0,0,0
2024-04-08,Eggs,76,7,47.8,0.04,0,0,0
2024-04-08,Milk,110,10,47.8,0.04,0,0,0
2024-04-08,Hot-Dogs,40,4,47.8,0.04,0,0,0
2024-04-09,Strawberries,43,6,57.2,0.0,1,0,0
2024-04-09,Chocolate,64,2,57.2,0.0,1,0,0
2024-04-09,Eggs,68,5,57.2,0.0,1,0,0
2024-04-09,Milk,104,10,57.2,0.0,1,0,0
2024-04-09,Hot-Dogs,47,5,57.2,0.0,1,0,0
2024-04-10,Strawberries,49,9,53.7,0.02,2,0,0
2024-04-10,Chocolate,64,3,53.7,0.02,2,0,0
2024-04-10,Eggs,81,7,53.7,0.02,2,0,0
2024-04-10,Milk,93,9,53.7,0.02,2,0,0
2024-04-10,Hot-Dogs,46,5,53.7,0.02,2,0,0
2024-04-11,Strawberries,49,9,54.2,0.26,3,0,0
2024-04-11,Chocolate,55,3,54.2,0.26,3,0,0
2024-04-11,Eggs,84,7,54.2,0.26,3,0,0
2024-04-11,Milk,108,11,54.2,0.26,3,0,0
2024-04-11,Hot-Dogs,54,7,54.2,0.26,3,0,0
2024-04-12,Strawberries,42,7,59.8,0.59,4,0,0
2024-04-12,Chocolate,67,3,59.8,0.59,4,0,0
2024-04-12,Eggs,84,7,59.8,0.59,4,0,0
2024-04-12,Milk,103,14,59.8,0.59,4,0,0
2024-04-12,Hot-Dogs,58,6,59.8,0.59,4,0,0
2024-04-13,Strawberries,52,10,49.2,0.08,5,1,0
2024-04-13,Chocolate,74,4,49.2,0.08,5,1,0
2024-04-13,Eggs,118,11,49.2,0.08,5,1,0
2024-04-13,Milk,122,15,49.2,0.08,5,1,0
2024-04-13,Hot-Dogs,65,7,49.2,0.08,5,1,0
2024-04-14,Strawberries,57,9,57.4,0.04,6,1,0
2024-04-14,Chocolate,70,2,57.4,0.04,6,1,0
2024-04-14,Eggs,121,8,57.4,0.04,6,1,0
2024-04-14,Milk,135,14,57.4,0.04,6,1,0
2024-04-14,Hot-Dogs,78,7,57.4,0.04,6,1,0
2024-04-15,Strawberries,39,7,64.5,0.0,0,0,0
2024-04-15,Chocolate,52,2,64.5,0.0,0,0,0
2024-04-15,Eggs,80,6,64.5,0.0,0,0,0
2024-04-15,Milk,111,12,64.5,0.0,0,0,0
2024-04-15,Hot-Dogs,47,4,64.5,0.0,0,0,0
2024-04-16,Strawberries,48,7,57.6,0.0,1,0,0
2024-04-16,Chocolate,49,2,57.6,0.0,1,0,0
2024-04-16,Eggs,64,5,57.6,0.0,1,0,0
2024-04-16,Milk,99,14,57.6,0.0,1,0,0
2024-04-16,Hot-Dogs,48,5,57.6,0.0,1,0,0
2024-04-17,Strawberries,45,8,51.0,0.12,2,0,0
2024-04-17,Chocolate,62,2,51.0,0.12,2,0,0
2024-04-17,Eggs,71,5,51.0,0.12,2,0,0
2024-04-17,Milk,106,10,51.0,0.12,2,0,0
2024-04-17,Hot-Dogs,44,4,51.0,0.12,2,0,0
2024-04-18,Strawberries,42,6,47.2,0.24,3,0,0
2024-04-18,Chocolate,71,4,47.2,0.24,3,0,0
2024-04-18,Eggs,78,7,47.2,0.24,3,0,0
2024-04-18,Milk,91,11,47.2,0.24,3,0,0
2024-04-18,Hot-Dogs,49,6,47.2,0.24,3,0,0
2024-04-19,Strawberries,48,10,47.2,0.0,4,0,0
2024-04-19,Chocolate,74,3,47.2,0.0,4,0,0
2024-04-19,Eggs,92,8,47.2,0.0,4,0,0
2024-04-19,Milk,109,10,47.2,0.0,4,0,0
2024-04-19,Hot-Dogs,53,6,47.2,0.0,4,0,0
2024-04-20,Strawberries,51,8,55.0,0.09,5,1,0
2024-04-20,Chocolate,63,3,55.0,0.09,5,1,0
2024-04-20,Eggs,112,7,55.0,0.09,5,1,0
2024-04-20,Milk,116,14,55.0,0.09,5,1,0
2024-04-20,Hot-Dogs,65,6,55.0,0.09,5,1,0
2024-04-21,Strawberries,61,11,45.6,0.0,6,1,0
2024-04-21,Chocolate,69,2,45.6,0.0,6,1,0
2024-04-21,Eggs,113,9,45.6,0.0,6,1,0
2024-04-21,Milk,138,17,45.6,0.0,6,1,0
2024-04-21,Hot-Dogs,72,8,45.6,0.0,6,1,0
2024-04-22,Strawberries,39,6,47.5,0.0,0,0,0
2024-04-22,Chocolate,55,2,47.5,0.0,0,0,0
2024-04-22,Eggs,77,5,47.5,0.0,0,0,0
2024-04-22,Milk,115,13,47.5,0.0,0,0,0
2024-04-22,Hot-Dogs,40,3,47.5,0.0,0,0,0
2024-04-23,Strawberries,36,5,48.5,0.0,1,0,0
2024-04-23,Chocolate,64,3,48.5,0.0,1,0,0
2024-04-23,Eggs,70,6,48.5,0.0,1,0,0
2024-04-23,Milk,106,10,48.5,0.0,1,0,0
2024-04-23,Hot-Dogs,45,5,48.5,0.0,1,0,0
2024-04-24,Strawberries,41,6,56.1,0.06,2,0,0
2024-04-24,Chocolate,63,2,56.1,0.06,2,0,0
2024-04-24,Eggs,71,6,56.1,0.06,2,0,0
2024-04-24,Milk,90,10,56.1,0.06,2,0,0
2024-04-24,Hot-Dogs,47,5,56.1,0.06,2,0,0
2024-04-25,Strawberries,37,7,45.6,0.0,3,0,0
2024-04-25,Chocolate,65,2,45.6,0.0,3,0,0
2024-04-25,Eggs,71,6,45.6,0.0,3,0,0
2024-04-25,Milk,92,11,45.6,0.0,3,0,0
2024-04-25,Hot-Dogs,44,3,45.6,0.0,3,0,0
2024-04-26,Strawberries,42,7,46.3,0.0,4,0,0
2024-04-26,Chocolate,76,4,46.3,0.0,4,0,0
2024-04-26,Eggs,84,7,46.3,0.0,4,0,0
2024-04-26,Milk,91,12,46.3,0.0,4,0,0
2024-04-26,Hot-Dogs,60,4,46.3,0.0,4,0,0
2024-04-27,Strawberries,52,8,48.1,0.01,5,1,0
2024-04-27,Chocolate,78,3,48.1,0.01,5,1,0
2024-04-27,Eggs,122,9,48.1,0.01,5,1,0
2024-04-27,Milk,121,16,48.1,0.01,5,1,0
2024-04-27,Hot-Dogs,67,7,48.1,0.01,5,1,0
2024-04-28,Strawberries,57,9,59.4,0.02,6,1,0
2024-04-28,Chocolate,78,3,59.4,0.02,6,1,0
2024-04-28,Eggs,114,8,59.4,0.02,6,1,0
2024-04-28,Milk,125,15,59.4,0.02,6,1,0
2024-04-28,Hot-Dogs,86,7,59.4,0.02,6,1,0
2024-04-29,Strawberries,41,8,67.5,0.13,0,0,0
2024-04-29,Chocolate,52,2,67.5,0.13,0,0,0
2024-04-29,Eggs,63,5,67.5,0.13,0,0,0
2024-04-29,Milk,103,12,67.5,0.13,0,0,0
2024-04-29,Hot-Dogs,43,3,67.5,0.13,0,0,0
2024-04-30,Strawberries,42,6,59.6,0.09,1,0,0
2024-04-30,Chocolate,55,2,59.6,0.09,1,0,0
2024-04-30,Eggs,71,6,59.6,0.09,1,0,0
2024-04-30,Milk,102,13,59.6,0.09,1,0,0
2024-04-30,Hot-Dogs,44,5,59.6,0.09,1,0,0
2024-05-01,Strawberries,40,8,59.5,0.06,2,0,0
2024-05-01,Chocolate,66,3,59.5,0.06,2,0,0
2024-05-01,Eggs,73,6,59.5,0.06,2,0,0
2024-05-01,Milk,91,12,59.5,0.06,2,0,0
2024-05-01,Hot-Dogs,51,5,59.5,0.06,2,0,0
2024-05-02,Strawberries,56,11,64.9,0.0,3,0,0
2024-05-02,Chocolate,61,2,64.9,0.0,3,0,0
2024-05-02,Eggs,85,7,64.9,0.0,3,0,0
2024-05-02,Milk,87,8,64.9,0.0,3,0,0
2024-05-02,Hot-Dogs,54,5,64.9,0.0,3,0,0
2024-05-03,Strawberries,57,10,56.3,0.0,4,0,0
2024-05-03,Chocolate,66,3,56.3,0.0,4,0,0
2024-05-03,Eggs,82,6,56.3,0.0,4,0,0
2024-05-03,Milk,91,11,56.3,0.0,4,0,0
2024-05-03,Hot-Dogs,67,6,56.3,0.0,4,0,0
2024-05-04,Strawberries,59,12,52.6,0.0,5,1,0
2024-05-04,Chocolate,76,3,52.6,0.0,5,1,0
2024-05-04,Eggs,104,9,52.6,0.0,5,1,0
2024-05-04,Milk,127,12,52.6,0.0,5,1,0
2024-05-04,Hot-Dogs,69,7,52.6,0.0,5,1,0
2024-05-05,Strawberries,46,7,50.9,0.34,6,1,0
2024-05-05,Chocolate,66,2,50.9,0.34,6,1,0
2024-05-05,Eggs,111,8,50.9,0.34,6,1,0
2024-05-05,Milk,108,13,50.9,0.34,6,1,0
2024-05-05,Hot-Dogs,69,7,50.9,0.34,6,1,0
2024-05-06,Strawberries,43,7,62.0,0.03,0,0,0
2024-05-06,Chocolate,60,3,62.0,0.03,0,0,0
2024-05-06,Eggs,82,5,62.0,0.03,0,0,0
2024-05-06,Milk,91,9,62.0,0.03,0,0,0
2024-05-06,Hot-Dogs,49,4,62.0,0.03,0,0,0
2024-05-07,Strawberries,45,8,66.2,0.0,1,0,0
2024-05-07,Chocolate,51,3,66.2,0.0,1,0,0
2024-05-07,Eggs,66,5,66.2,0.0,1,0,0
2024-05-07,Milk,87,10,66.2,0.0,1,0,0
2024-05-07,Hot-Dogs,55,6,66.2,0.0,1,0,0
2024-05-08,Strawberries,49,7,73.3,0.0,2,0,0
2024-05-08,Chocolate,63,3,73.3,0.0,2,0,0
2024-05-08,Eggs,84,7,73.3,0.0,2,0,0
2024-05-08,Milk,98,12,73.3,0.0,2,0,0
2024-05-08,Hot-Dogs,49,5,73.3,0.0,2,0,0
2024-05-09,Strawberries,50,9,63.3,0.0,3,0,0
2024-05-09,Chocolate,55,2,63.3,0.0,3,0,0
2024-05-09,Eggs,90,5,63.3,0.0,3,0,0
2024-05-09,Milk,112,14,63.3,0.0,3,0,0
2024-05-09,Hot-Dogs,51,5,63.3,0.0,3,0,0
2024-05-10,Strawberries,47,11,50.9,0.51,4,0,0
2024-05-10,Chocolate,63,3,50.9,0.51,4,0,0
2024-05-10,Eggs,68,5,50.9,0.51,4,0,0
2024-05-10,Milk,102,12,50.9,0.51,4,0,0
2024-05-10,Hot-Dogs,48,6,50.9,0.51,4,0,0
2024-05-11,Strawberries,48,8,52.3,0.0,5,1,0
2024-05-11,Chocolate,62,3,52.3,0.0,5,1,0
2024-05-11,Eggs,122,8,52.3,0.0,5,1,0
2024-05-11,Milk,123,12,52.3,0.0,5,1,0
2024-05-11,Hot-Dogs,71,7,52.3,0.0,5,1,0
2024-05-12,Strawberries,49,7,50.8,0.3,6,1,0
2024-05-12,Chocolate,68,3,50.8,0.3,6,1,0
2024-05-12,Eggs,107,8,50.8,0.3,6,1,0
2024-05-12,Milk,131,14,50.8,0.3,6,1,0
2024-05-12,Hot-Dogs,59,5,50.8,0.3,6,1,0
2024-05-13,Strawberries,43,7,55.0,0.0,0,0,0
2024-05-13,Chocolate,62,2,55.0,0.0,0,0,0
2024-05-13,Eggs,85,8,55.0,0.0,0,0,0
2024-05-13,Milk,97,11,55.0,0.0,0,0,0
2024-05-13,Hot-Dogs,39,4,55.0,0.0,0,0,0
2024-05-14,Strawberries,43,7,61.1,0.13,1,0,0
2024-05-14,Chocolate,53,2,61.1,0.13,1,0,0
2024-05-14,Eggs,60,5,61.1,0.13,1,0,0
2024-05-14,Milk,82,10,61.1,0.13,1,0,0
2024-05-14,Hot-Dogs,46,4,61.1,0.13,1,0,0
2024-05-15,Strawberries,39,9,60.1,0.27,2,0,0
2024-05-15,Chocolate,52,3,60.1,0.27,2,0,0
2024-05-15,Eggs,70,6,60.1,0.27,2,0,0
2024-05-15,Milk,97,11,60.1,0.27,2,0,0
2024-05-15,Hot-Dogs,57,5,60.1,0.27,2,0,0
2024-05-16,Strawberries,41,7,61.5,0.19,3,0,0
2024-05-16,Chocolate,56,2,61.5,0.19,3,0,0
2024-05-16,Eggs,69,5,61.5,0.19,3,0,0
2024-05-16,Milk,97,12,61.5,0.19,3,0,0
2024-05-16,Hot-Dogs,48,4,61.5,0.19,3,0,0
2024-05-17,Strawberries,54,10,63.2,0.0,4,0,0
2024-05-17,Chocolate,68,3,63.2,0.0,4,0,0
2024-05-17,Eggs,94,8,63.2,0.0,4,0,0
2024-05-17,Milk,107,13,63.2,0.0,4,0,0
2024-05-17,Hot-Dogs,67,5,63.2,0.0,4,0,0
2024-05-18,Strawberries,63,11,61.7,0.09,5,1,0
2024-05-18,Chocolate,66,2,61.7,0.09,5,1,0
2024-05-18,Eggs,120,8,61.7,0.09,5,1,0
2024-05-18,Milk,126,13,61.7,0.09,5,1,0
2024-05-18,Hot-Dogs,84,8,61.7,0.09,5,1,0
2024-05-19,Strawberries,61,9,61.9,0.01,6,1,0
2024-05-19,Chocolate,70,3,61.9,0.01,6,1,0
2024-05-19,Eggs,113,10,61.9,0.01,6,1,0
2024-05-19,Milk,107,11,61.9,0.01,6,1,0
2024-05-19,Hot-Dogs,68,6,61.9,0.01,6,1,0
2024-05-20,Strawberries,43,8,61.3,0.0,0,0,0
2024-05-20,Chocolate,57,3,61.3,0.0,0,0,0
2024-05-20,Eggs,76,6,61.3,0.0,0,0,0
2024-05-20,Milk,100,14,61.3,0.0,0,0,0
2024-05-20,Hot-Dogs,40,4,61.3,0.0,0,0,0
2024-05-21,Strawberries,51,10,66.3,0.0,1,0,0
2024-05-21,Chocolate,58,3,66.3,0.0,1,0,0
2024-05-21,Eggs,69,6,66.3,0.0,1,0,0
2024-05-21,Milk,102,10,66.3,0.0,1,0,0
2024-05-21,Hot-Dogs,54,5,66.3,0.0,1,0,0
2024-05-22,Strawberries,47,9,71.4,0.0,2,0,0
2024-05-22,Chocolate,58,2,71.4,0.0,2,0,0
2024-05-22,Eggs,76,4,71.4,0.0,2,0,0
2024-05-22,Milk,79,10,71.4,0.0,2,0,0
2024-05-22,Hot-Dogs,52,5,71.4,0.0,2,0,0
2024-05-23,Strawberries,45,7,72.7,0.12,3,0,0
2024-05-23,Chocolate,66,2,72.7,0.12,3,0,0
2024-05-23,Eggs,80,5,72.7,0.12,3,0,0
2024-05-23,Milk,104,13,72.7,0.12,3,0,0
2024-05-23,Hot-Dogs,60,4,72.7,0.12,3,0,0
2024-05-24,Strawberries,60,8,72.4,0.0,4,0,0
2024-05-24,Chocolate,58,2,72.4,0.0,4,0,0
2024-05-24,Eggs,86,7,72.4,0.0,4,0,0
2024-05-24,Milk,115,13,72.4,0.0,4,0,0
2024-05-24,Hot-Dogs,75,8,72.4,0.0,4,0,0
2024-05-25,Strawberries,65,10,67.1,0.0,5,1,0
2024-05-25,Chocolate,68,2,67.1,0.0,5,1,0
2024-05-25,Eggs,117,8,67.1,0.0,5,1,0
2024-05-25,Milk,114,11,67.1,0.0,5,1,0
2024-05-25,Hot-Dogs,77,7,67.1,0.0,5,1,0
2024-05-26,Strawberries,59,9,67.8,0.01,6,1,0
2024-05-26,Chocolate,58,2,67.8,0.01,6,1,0
2024-05-26,Eggs,92,6,67.8,0.01,6,1,0
2024-05-26,Milk,110,15,67.8,0.01,6,1,0
2024-05-26,Hot-Dogs,83,7,67.8,0.01,6,1,0
2024-05-27,Strawberries,39,7,66.4,1.36,0,0,1
2024-05-27,Chocolate,62,3,66.4,1.36,0,0,1
2024-05-27,Eggs,82,7,66.4,1.36,0,0,1
2024-05-27,Milk,87,13,66.4,1.36,0,0,1
2024-05-27,Hot-Dogs,58,7,66.4,1.36,0,0,1
2024-05-28,Strawberries,50,9,71.4,0.0,1,0,0
2024-05-28,Chocolate,51,2,71.4,0.0,1,0,0
2024-05-28,Eggs,73,6,71.4,0.0,1,0,0
2024-05-28,Milk,86,9,71.4,0.0,1,0,0
2024-05-28,Hot-Dogs,49,5,71.4,0.0,1,0,0
2024-05-29,Strawberries,42,9,66.0,0.49,2,0,0
2024-05-29,Chocolate,59,3,66.0,0.49,2,0,0
2024-05-29,Eggs,69,5,66.0,0.49,2,0,0
2024-05-29,Milk,94,12,66.0,0.49,2,0,0
2024-05-29,Hot-Dogs,53,6,66.0,0.49,2,0,0
2024-05-30,Strawberries,50,10,63.5,0.09,3,0,0
2024-05-30,Chocolate,57,2,63.5,0.09,3,0,0
2024-05-30,Eggs,74,6,63.5,0.09,3,0,0
2024-05-30,Milk,97,13,63.5,0.09,3,0,0
2024-05-30,Hot-Dogs,61,6,63.5,0.09,3,0,0
2024-05-31,Strawberries,61,8,65.3,0.0,4,0,0
2024-05-31,Chocolate,59,2,65.3,0.0,4,0,0
2024-05-31,Eggs,89,7,65.3,0.0,4,0,0
2024-05-31,Milk,119,11,65.3,0.0,4,0,0
2024-05-31,Hot-Dogs,65,7,65.3,0.0,4,0,0
2024-06-01,Strawberries,67,10,69.2,0.0,5,1,0
2024-06-01,Chocolate,72,3,69.2,0.0,5,1,0
2024-06-01,Eggs,106,9,69.2,0.0,5,1,0
2024-06-01,Milk,109,11,69.2,0.0,5,1,0
2024-06-01,Hot-Dogs,74,7,69.2,0.0,5,1,0
2024-06-02,Strawberries,69,14,69.7,0.0,6,1,0
2024-06-02,Chocolate,64,3,69.7,0.0,6,1,0
2024-06-02,Eggs,105,7,69.7,0.0,6,1,0
2024-06-02,Milk,122,13,69.7,0.0,6,1,0
2024-06-02,Hot-Dogs,70,5,69.7,0.0,6,1,0
2024-06-03,Strawberries,42,8,74.4,0.01,0,0,0
2024-06-03,Chocolate,55,3,74.4,0.01,0,0,0
2024-06-03,Eggs,70,6,74.4,0.01,0,0,0
2024-06-03,Milk,92,9,74.4,0.01,0,0,0
2024-06-03,Hot-Dogs,53,5,74.4,0.01,0,0,0
2024-06-04,Strawberries,43,7,69.3,0.0,1,0,0
2024-06-04,Chocolate,51,2,69.3,0.0,1,0,0
2024-06-04,Eggs,76,6,69.3,0.0,1,0,0
2024-06-04,Milk,88,12,69.3,0.0,1,0,0
2024-06-04,Hot-Dogs,59,6,69.3,0.0,1,0,0
2024-06-05,Strawberries,50,10,68.4,0.26,2,0,0
2024-06-05,Chocolate,60,2,68.4,0.26,2,0,0
2024-06-05,Eggs,79,7,68.4,0.26,2,0,0
2024-06-05,Milk,83,9,68.4,0.26,2,0,0
2024-06-05,Hot-Dogs,53,5,68.4,0.26,2,0,0
2024-06-06,Strawberries,34,6,73.5,1.59,3,0,0
2024-06-06,Chocolate,48,2,73.5,1.59,3,0,0
2024-06-06,Eggs,56,4,73.5,1.59,3,0,0
2024-06-06,Milk,77,10,73.5,1.59,3,0,0
2024-06-06,Hot-Dogs,49,5,73.5,1.59,3,0,0
2024-06-07,Strawberries,51,8,73.3,0.02,4,0,0
2024-06-07,Chocolate,75,3,73.3,0.02,4,0,0
2024-06-07,Eggs,73,5,73.3,0.02,4,0,0
2024-06-07,Milk,113,11,73.3,0.02,4,0,0
2024-06-07,Hot-Dogs,59,5,73.3,0.02,4,0,0
2024-06-08,Strawberries,64,10,68.6,0.0,5,1,0
2024-06-08,Chocolate,59,3,68.6,0.0,5,1,0
2024-06-08,Eggs,98,6,68.6,0.0,5,1,0
2024-06-08,Milk,108,11,68.6,0.0,5,1,0
2024-06-08,Hot-Dogs,83,6,68.6,0.0,5,1,0
2024-06-09,Strawberries,63,10,68.6,0.0,6,1,0
2024-06-09,Chocolate,68,3,68.6,0.0,6,1,0
2024-06-09,Eggs,112,8,68.6,0.0,6,1,0
2024-06-09,Milk,135,14,68.6,0.0,6,1,0
2024-06-09,Hot-Dogs,70,7,68.6,0.0,6,1,0
2024-06-10,Strawberries,40,6,66.8,0.0,0,0,0
2024-06-10,Chocolate,55,3,66.8,0.0,0,0,0
2024-06-10,Eggs,76,5,66.8,0.0,0,0,0
2024-06-10,Milk,100,12,66.8,0.0,0,0,0
2024-06-10,Hot-Dogs,44,4,66.8,0.0,0,0,0
2024-06-11,Strawberries,46,8,65.8,0.04,1,0,0
2024-06-11,Chocolate,55,3,65.8,0.04,1,0,0
2024-06-11,Eggs,70,6,65.8,0.04,1,0,0
2024-06-11,Milk,100,10,65.8,0.04,1,0,0
2024-06-11,Hot-Dogs,53,4,65.8,0.04,1,0,0
2024-06-12,Strawberries,49,8,67.6,0.0,2,0,0
2024-06-12,Chocolate,56,2,67.6,0.0,2,0,0
2024-06-12,Eggs,81,6,67.6,0.0,2,0,0
2024-06-12,Milk,99,12,67.6,0.0,2,0,0
2024-06-12,Hot-Dogs,50,5,67.6,0.0,2,0,0
2024-06-13,Strawberries,52,10,71.1,0.0,3,0,0
2024-06-13,Chocolate,62,2,71.1,0.0,3,0,0
2024-06-13,Eggs,69,5,71.1,0.0,3,0,0
2024-06-13,Milk,104,13,71.1,0.0,3,0,0
2024-06-13,Hot-Dogs,55,5,71.1,0.0,3,0,0
2024-06-14,Strawberries,55,11,73.5,0.74,4,0,0
2024-06-14,Chocolate,53,3,73.5,0.74,4,0,0
2024-06-14,Eggs,65,6,73.5,0.74,4,0,0
2024-06-14,Milk,93,10,73.5,0.74,4,0,0
2024-06-14,Hot-Dogs,59,5,73.5,0.74,4,0,0
2024-06-15,Strawberries,66,10,71.1,0.0,5,1,0
2024-06-15,Chocolate,63,3,71.1,0.0,5,1,0
2024-06-15,Eggs,92,7,71.1,0.0,5,1,0
2024-06-15,Milk,134,16,71.1,0.0,5,1,0
2024-06-15,Hot-Dogs,84,6,71.1,0.0,5,1,0
2024-06-16,Strawberries,60,12,66.3,0.0,6,1,0
2024-06-16,Chocolate,70,3,66.3,0.0,6,1,0
2024-06-16,Eggs,101,8,66.3,0.0,6,1,0
2024-06-16,Milk,123,11,66.3,0.0,6,1,0
2024-06-16,Hot-Dogs,87,9,66.3,0.0,6,1,0
2024-06-17,Strawberries,42,6,72.9,0.0,0,0,0
2024-06-17,Chocolate,49,2,72.9,0.0,0,0,0
2024-06-17,Eggs,78,6,72.9,0.0,0,0,0
2024-06-17,Milk,102,12,72.9,0.0,0,0,0
2024-06-17,Hot-Dogs,53,5,72.9,0.0,0,0,0
2024-06-18,Strawberries,44,11,77.0,0.0,1,0,0
2024-06-18,Chocolate,56,2,77.0,0.0,1,0,0
2024-06-18,Eggs,77,7,77.0,0.0,1,0,0
2024-06-18,Milk,82,13,77.0,0.0,1,0,0
2024-06-18,Hot-Dogs,52,6,77.0,0.0,1,0,0
2024-06-19,Strawberries,54,13,76.7,0.0,2,0,0
2024-06-19,Chocolate,54,3,76.7,0.0,2,0,0
2024-06-19,Eggs,65,4,76.7,0.0,2,0,0
2024-06-19,Milk,89,11,76.7,0.0,2,0,0
2024-06-19,Hot-Dogs,66,7,76.7,0.0,2,0,0
2024-06-20,Strawberries,51,12,79.4,0.0,3,0,0
2024-06-20,Chocolate,56,2,79.4,0.0,3,0,0
2024-06-20,Eggs,84,6,79.4,0.0,3,0,0
2024-06-20,Milk,110,14,79.4,0.0,3,0,0
2024-06-20,Hot-Dogs,55,5,79.4,0.0,3,0,0
2024-06-21,Strawberries,54,10,82.1,0.0,4,0,0
2024-06-21,Chocolate,73,3,82.1,0.0,4,0,0
2024-06-21,Eggs,71,4,82.1,0.0,4,0,0
2024-06-21,Milk,110,14,82.1,0.0,4,0,0
2024-06-21,Hot-Dogs,79,7,82.1,0.0,4,0,0
2024-06-22,Strawberries,73,19,80.6,0.2,5,1,0
2024-06-22,Chocolate,69,3,80.6,0.2,5,1,0
2024-06-22,Eggs,89,8,80.6,0.2,5,1,0
2024-06-22,Milk,118,19,80.6,0.2,5,1,0
2024-06-22,Hot-Dogs,94,9,80.6,0.2,5,1,0
2024-06-23,Strawberries,71,14,84.6,0.0,6,1,0
2024-06-23,Chocolate,67,3,84.6,0.0,6,1,0
2024-06-23,Eggs,100,9,84.6,0.0,6,1,0
2024-06-23,Milk,128,18,84.6,0.0,6,1,0
2024-06-23,Hot-Dogs,97,7,84.6,0.0,6,1,0
2024-06-24,Strawberries,44,11,77.3,0.0,0,0,0
2024-06-24,Chocolate,55,2,77.3,0.0,0,0,0
2024-06-24,Eggs,77,7,77.3,0.0,0,0,0
2024-06-24,Milk,91,16,77.3,0.0,0,0,0
2024-06-24,Hot-Dogs,46,4,77.3,0.0,0,0,0
2024-06-25,Strawberries,51,14,79.4,0.0,1,0,0
2024-06-25,Chocolate,50,2,79.4,0.0,1,0,0
2024-06-25,Eggs,79,6,79.4,0.0,1,0,0
2024-06-25,Milk,84,15,79.4,0.0,1,0,0
2024-06-25,Hot-Dogs,48,5,79.4,0.0,1,0,0
2024-06-26,Strawberries,44,10,83.0,0.0,2,0,0
2024-06-26,Chocolate,48,2,83.0,0.0,2,0,0
2024-06-26,Eggs,82,5,83.0,0.0,2,0,0
2024-06-26,Milk,96,17,83.0,0.0,2,0,0
2024-06-26,Hot-Dogs,64,7,83.0,0.0,2,0,0
2024-06-27,Strawberries,42,9,77.2,0.42,3,0,0
2024-06-27,Chocolate,59,3,77.2,0.42,3,0,0
2024-06-27,Eggs,72,5,77.2,0.42,3,0,0
2024-06-27,Milk,91,13,77.2,0.42,3,0,0
2024-06-27,Hot-Dogs,59,5,77.2,0.42,3,0,0
2024-06-28,Strawberries,63,10,68.3,0.0,4,0,0
2024-06-28,Chocolate,57,3,68.3,0.0,4,0,0
2024-06-28,Eggs,91,5,68.3,0.0,4,0,0
2024-06-28,Milk,105,14,68.3,0.0,4,0,0
2024-06-28,Hot-Dogs,65,7,68.3,0.0,4,0,0
2024-06-29,Strawberries,73,10,73.4,0.07,5,1,0
2024-06-29,Chocolate,66,3,73.4,0.07,5,1,0
2024-06-29,Eggs,109,8,73.4,0.07,5,1,0
2024-06-29,Milk,104,13,73.4,0.07,5,1,0
2024-06-29,Hot-Dogs,92,10,73.4,0.07,5,1,0
2024-06-30,Strawberries,55,16,79.2,0.82,6,1,0
2024-06-30,Chocolate,62,2,79.2,0.82,6,1,0
2024-06-30,Eggs,106,8,79.2,0.82,6,1,0
2024-06-30,Milk,98,16,79.2,0.82,6,1,0
2024-06-30,Hot-Dogs,88,10,79.2,0.82,6,1,0
2024-07-01,Strawberries,50,9,71.3,0.0,0,0,0
2024-07-01,Chocolate,52,2,71.3,0.0,0,0,0
2024-07-01,Eggs,72,5,71.3,0.0,0,0,0
2024-07-01,Milk,110,14,71.3,0.0,0,0,0
2024-07-01,Hot-Dogs,58,6,71.3,0.0,0,0,0
2024-07-02,Strawberries,44,8,72.8,0.0,1,0,0
2024-07-02,Chocolate,60,2,72.8,0.0,1,0,0
2024-07-02,Eggs,65,6,72.8,0.0,1,0,0
2024-07-02,Milk,81,11,72.8,0.0,1,0,0
2024-07-02,Hot-Dogs,47,4,72.8,0.0,1,0,0
2024-07-03,Strawberries,55,8,72.8,0.0,2,0,0
2024-07-03,Chocolate,64,3,72.8,0.0,2,0,0
2024-07-03,Eggs,79,7,72.8,0.0,2,0,0
2024-07-03,Milk,81,8,72.8,0.0,2,0,0
2024-07-03,Hot-Dogs,58,6,72.8,0.0,2,0,0
2024-07-04,Strawberries,58,13,76.5,0.07,3,0,1
2024-07-04,Chocolate,98,5,76.5,0.07,3,0,1
2024-07-04,Eggs,110,7,76.5,0.07,3,0,1
2024-07-04,Milk,110,14,76.5,0.07,3,0,1
2024-07-04,Hot-Dogs,90,9,76.5,0.07,3,0,1
2024-07-05,Strawberries,54,14,80.2,0.07,4,0,0
2024-07-05,Chocolate,56,3,80.2,0.07,4,0,0
2024-07-05,Eggs,95,6,80.2,0.07,4,0,0
2024-07-05,Milk,116,19,80.2,0.07,4,0,0
2024-07-05,Hot-Dogs,62,5,80.2,0.07,4,0,0
2024-07-06,Strawberries,76,20,82.4,0.13,5,1,0
2024-07-06,Chocolate,69,3,82.4,0.13,5,1,0
2024-07-06,Eggs,99,8,82.4,0.13,5,1,0
2024-07-06,Milk,106,13,82.4,0.13,5,1,0
2024-07-06,Hot-Dogs,93,8,82.4,0.13,5,1,0
2024-07-07,Strawberries,71,13,82.0,0.06,6,1,0
2024-07-07,Chocolate,55,3,82.0,0.06,6,1,0
2024-07-07,Eggs,116,9,82.0,0.06,6,1,0
2024-07-07,Milk,125,20,82.0,0.06,6,1,0
2024-07-07,Hot-Dogs,77,8,82.0,0.06,6,1,0
2024-07-08,Strawberries,50,13,80.5,0.0,0,0,0
2024-07-08,Chocolate,49,2,80.5,0.0,0,0,0
2024-07-08,Eggs,66,5,80.5,0.0,0,0,0
2024-07-08,Milk,87,11,80.5,0.0,0,0,0
2024-07-08,Hot-Dogs,50,5,80.5,0.0,0,0,0
2024-07-09,Strawberries,45,11,80.4,0.01,1,0,0
2024-07-09,Chocolate,48,2,80.4,0.01,1,0,0
2024-07-09,Eggs,78,7,80.4,0.01,1,0,0
2024-07-09,Milk,92,15,80.4,0.01,1,0,0
2024-07-09,Hot-Dogs,52,5,80.4,0.01,1,0,0
2024-07-10,Strawberries,52,12,82.4,0.01,2,0,0
2024-07-10,Chocolate,48,2,82.4,0.01,2,0,0
2024-07-10,Eggs,80,5,82.4,0.01,2,0,0
2024-07-10,Milk,79,11,82.4,0.01,2,0,0
2024-07-10,Hot-Dogs,61,6,82.4,0.01,2,0,0
2024-07-11,Strawberries,57,13,82.3,0.22,3,0,0
2024-07-11,Chocolate,55,2,82.3,0.22,3,0,0
2024-07-11,Eggs,85,6,82.3,0.22,3,0,0
2024-07-11,Milk,87,14,82.3,0.22,3,0,0
2024-07-11,Hot-Dogs,57,6,82.3,0.22,3,0,0
2024-07-12,Strawberries,56,15,77.2,0.24,4,0,0
2024-07-12,Chocolate,56,3,77.2,0.24,4,0,0
2024-07-12,Eggs,72,6,77.2,0.24,4,0,0
2024-07-12,Milk,90,18,77.2,0.24,4,0,0
2024-07-12,Hot-Dogs,70,8,77.2,0.24,4,0,0
2024-07-13,Strawberries,51,12,77.5,1.08,5,1,0
2024-07-13,Chocolate,49,2,77.5,1.08,5,1,0
2024-07-13,Eggs,102,9,77.5,1.08,5,1,0
2024-07-13,Milk,85,15,77.5,1.08,5,1,0
2024-07-13,Hot-Dogs,75,9,77.5,1.08,5,1,0
2024-07-14,Strawberries,64,14,80.5,0.05,6,1,0
2024-07-14,Chocolate,58,3,80.5,0.05,6,1,0
2024-07-14,Eggs,106,8,80.5,0.05,6,1,0
2024-07-14,Milk,118,15,80.5,0.05,6,1,0
2024-07-14,Hot-Dogs,98,7,80.5,0.05,6,1,0
2024-07-15,Strawberries,49,11,83.7,0.02,0,0,0
2024-07-15,Chocolate,45,1,83.7,0.02,0,0,0
2024-07-15,Eggs,81,7,83.7,0.02,0,0,0
2024-07-15,Milk,103,14,83.7,0.02,0,0,0
2024-07-15,Hot-Dogs,59,6,83.7,0.02,0,0,0
2024-07-16,Strawberries,45,10,83.9,0.03,1,0,0
2024-07-16,Chocolate,54,3,83.9,0.03,1,0,0
2024-07-16,Eggs,62,4,83.9,0.03,1,0,0
2024-07-16,Milk,91,12,83.9,0.03,1,0,0
2024-07-16,Hot-Dogs,64,6,83.9,0.03,1,0,0
2024-07-17,Strawberries,43,12,81.1,1.33,2,0,0
2024-07-17,Chocolate,48,2,81.1,1.33,2,0,0
2024-07-17,Eggs,67,5,81.1,1.33,2,0,0
2024-07-17,Milk,70,12,81.1,1.33,2,0,0
2024-07-17,Hot-Dogs,54,6,81.1,1.33,2,0,0
2024-07-18,Strawberries,52,11,78.1,0.02,3,0,0
2024-07-18,Chocolate,59,2,78.1,0.02,3,0,0
2024-07-18,Eggs,81,5,78.1,0.02,3,0,0
2024-07-18,Milk,92,16,78.1,0.02,3,0,0
2024-07-18,Hot-Dogs,70,8,78.1,0.02,3,0,0
2024-07-19,Strawberries,65,10,74.7,0.0,4,0,0
2024-07-19,Chocolate,57,3,74.7,0.0,4,0,0
2024-07-19,Eggs,95,6,74.7,0.0,4,0,0
2024-07-19,Milk,109,11,74.7,0.0,4,0,0
2024-07-19,Hot-Dogs,64,6,74.7,0.0,4,0,0
2024-07-20,Strawberries,71,18,75.3,0.08,5,1,0
2024-07-20,Chocolate,62,3,75.3,0.08,5,1,0
2024-07-20,Eggs,111,10,75.3,0.08,5,1,0
2024-07-20,Milk,100,12,75.3,0.08,5,1,0
2024-07-20,Hot-Dogs,92,9,75.3,0.08,5,1,0
2024-07-21,Strawberries,69,18,78.5,0.0,6,1,0
2024-07-21,Chocolate,58,2,78.5,0.0,6,1,0
2024-07-21,Eggs,121,8,78.5,0.0,6,1,0
2024-07-21,Milk,120,19,78.5,0.0,6,1,0
2024-07-21,Hot-Dogs,76,8,78.5,0.0,6,1,0
2024-07-22,Strawberries,41,11,76.3,0.18,0,0,0
2024-07-22,Chocolate,51,2,76.3,0.18,0,0,0
2024-07-22,Eggs,71,6,76.3,0.18,0,0,0
2024-07-22,Milk,85,11,76.3,0.18,0,0,0
2024-07-22,Hot-Dogs,51,5,76.3,0.18,0,0,0
2024-07-23,Strawberries,42,11,76.1,0.13,1,0,0
2024-07-23,Chocolate,50,2,76.1,0.13,1,0,0
2024-07-23,Eggs,69,5,76.1,0.13,1,0,0
2024-07-23,Milk,101,16,76.1,0.13,1,0,0
2024-07-23,Hot-Dogs,46,3,76.1,0.13,1,0,0
2024-07-24,Strawberries,49,11,76.1,0.35,2,0,0
2024-07-24,Chocolate,57,3,76.1,0.35,2,0,0
2024-07-24,Eggs,72,5,76.1,0.35,2,0,0
2024-07-24,Milk,97,15,76.1,0.35,2,0,0
2024-07-24,Hot-Dogs,57,6,76.1,0.35,2,0,0
2024-07-25,Strawberries,52,12,77.0,0.0,3,0,0
2024-07-25,Chocolate,51,2,77.0,0.0,3,0,0
2024-07-25,Eggs,86,6,77.0,0.0,3,0,0
2024-07-25,Milk,106,15,77.0,0.0,3,0,0
2024-07-25,Hot-Dogs,54,6,77.0,0.0,3,0,0
2024-07-26,Strawberries,59,11,74.9,0.0,4,0,0
2024-07-26,Chocolate,67,2,74.9,0.0,4,0,0
2024-07-26,Eggs,92,8,74.9,0.0,4,0,0
2024-07-26,Milk,87,12,74.9,0.0,4,0,0
2024-07-26,Hot-Dogs,59,5,74.9,0.0,4,0,0
2024-07-27,Strawberries,60,15,75.7,0.0,5,1,0
2024-07-27,Chocolate,61,3,75.7,0.0,5,1,0
2024-07-27,Eggs,92,6,75.7,0.0,5,1,0
2024-07-27,Milk,106,17,75.7,0.0,5,1,0
2024-07-27,Hot-Dogs,93,9,75.7,0.0,5,1,0
2024-07-28,Strawberries,56,13,75.9,0.0,6,1,0
2024-07-28,Chocolate,57,3,75.9,0.0,6,1,0
2024-07-28,Eggs,100,7,75.9,0.0,6,1,0
2024-07-28,Milk,126,20,75.9,0.0,6,1,0
2024-07-28,Hot-Dogs,73,7,75.9,0.0,6,1,0
2024-07-29,Strawberries,49,10,76.9,0.16,0,0,0
2024-07-29,Chocolate,53,2,76.9,0.16,0,0,0
2024-07-29,Eggs,83,5,76.9,0.16,0,0,0
2024-07-29,Milk,100,13,76.9,0.16,0,0,0
2024-07-29,Hot-Dogs,47,4,76.9,0.16,0,0,0
2024-07-30,Strawberries,54,12,79.2,0.0,1,0,0
2024-07-30,Chocolate,45,2,79.2,0.0,1,0,0
2024-07-30,Eggs,62,3,79.2,0.0,1,0,0
2024-07-30,Milk,79,10,79.2,0.0,1,0,0
2024-07-30,Hot-Dogs,63,6,79.2,0.0,1,0,0
2024-07-31,Strawberries,45,13,78.7,0.39,2,0,0
2024-07-31,Chocolate,50,3,78.7,0.39,2,0,0
2024-07-31,Eggs,62,5,78.7,0.39,2,0,0
2024-07-31,Milk,92,16,78.7,0.39,2,0,0
2024-07-31,Hot-Dogs,49,5,78.7,0.39,2,0,0
2024-08-01,Strawberries,48,9,81.6,0.0,3,0,0
2024-08-01,Chocolate,62,3,81.6,0.0,3,0,0
2024-08-01,Eggs,76,6,81.6,0.0,3,0,0
2024-08-01,Milk,106,13,81.6,0.0,3,0,0
2024-08-01,Hot-Dogs,72,7,81.6,0.0,3,0,0
2024-08-02,Strawberries,51,12,80.9,0.39,4,0,0
2024-08-02,Chocolate,64,3,80.9,0.39,4,0,0
2024-08-02,Eggs,68,5,80.9,0.39,4,0,0
2024-08-02,Milk,91,17,80.9,0.39,4,0,0
2024-08-02,Hot-Dogs,65,5,80.9,0.39,4,0,0
2024-08-03,Strawberries,59,15,80.3,0.52,5,1,0
2024-08-03,Chocolate,56,3,80.3,0.52,5,1,0
2024-08-03,Eggs,103,8,80.3,0.52,5,1,0
2024-08-03,Milk,105,21,80.3,0.52,5,1,0
2024-08-03,Hot-Dogs,79,8,80.3,0.52,5,1,0
2024-08-04,Strawberries,55,13,76.0,0.54,6,1,0
2024-08-04,Chocolate,59,3,76.0,0.54,6,1,0
2024-08-04,Eggs,102,10,76.0,0.54,6,1,0
2024-08-04,Milk,105,17,76.0,0.54,6,1,0
2024-08-04,Hot-Dogs,68,6,76.0,0.54,6,1,0
2024-08-05,Strawberries,46,10,79.8,0.0,0,0,0
2024-08-05,Chocolate,54,2,79.8,0.0,0,0,0
2024-08-05,Eggs,77,5,79.8,0.0,0,0,0
2024-08-05,Milk,110,16,79.8,0.0,0,0,0
2024-08-05,Hot-Dogs,61,6,79.8,0.0,0,0,0
2024-08-06,Strawberries,32,9,78.4,1.48,1,0,0
2024-08-06,Chocolate,39,1,78.4,1.48,1,0,0
2024-08-06,Eggs,48,4,78.4,1.48,1,0,0
2024-08-06,Milk,66,12,78.4,1.48,1,0,0
2024-08-06,Hot-Dogs,39,3,78.4,1.48,1,0,0
2024-08-07,Strawberries,35,7,69.9,0.94,2,0,0
2024-08-07,Chocolate,55,2,69.9,0.94,2,0,0
2024-08-07,Eggs,58,5,69.9,0.94,2,0,0
2024-08-07,Milk,71,9,69.9,0.94,2,0,0
2024-08-07,Hot-Dogs,46,4,69.9,0.94,2,0,0
2024-08-08,Strawberries,55,11,69.1,0.22,3,0,0
2024-08-08,Chocolate,51,2,69.1,0.22,3,0,0
2024-08-08,Eggs,87,6,69.1,0.22,3,0,0
2024-08-08,Milk,108,16,69.1,0.22,3,0,0
2024-08-08,Hot-Dogs,48,5,69.1,0.22,3,0,0
2024-08-09,Strawberries,43,9,76.5,0.93,4,0,0
2024-08-09,Chocolate,49,2,76.5,0.93,4,0,0
2024-08-09,Eggs,77,6,76.5,0.93,4,0,0
2024-08-09,Milk,79,13,76.5,0.93,4,0,0
2024-08-09,Hot-Dogs,63,7,76.5,0.93,4,0,0
2024-08-10,Strawberries,60,11,77.4,0.04,5,1,0
2024-08-10,Chocolate,55,2,77.4,0.04,5,1,0
2024-08-10,Eggs,95,8,77.4,0.04,5,1,0
2024-08-10,Milk,109,16,77.4,0.04,5,1,0
2024-08-10,Hot-Dogs,78,7,77.4,0.04,5,1,0
2024-08-11,Strawberries,62,12,73.5,0.0,6,1,0
2024-08-11,Chocolate,70,4,73.5,0.0,6,1,0
2024-08-11,Eggs,94,6,73.5,0.0,6,1,0
2024-08-11,Milk,128,13,73.5,0.0,6,1,0
2024-08-11,Hot-Dogs,89,9,73.5,0.0,6,1,0
2024-08-12,Strawberries,49,9,71.3,0.0,0,0,0
2024-08-12,Chocolate,54,2,71.3,0.0,0,0,0
2024-08-12,Eggs,66,5,71.3,0.0,0,0,0
2024-08-12,Milk,88,9,71.3,0.0,0,0,0
2024-08-12,Hot-Dogs,46,5,71.3,0.0,0,0,0
2024-08-13,Strawberries,44,8,70.8,0.0,1,0,0
2024-08-13,Chocolate,61,2,70.8,0.0,1,0,0
2024-08-13,Eggs,67,4,70.8,0.0,1,0,0
2024-08-13,Milk,85,9,70.8,0.0,1,0,0
2024-08-13,Hot-Dogs,46,4,70.8,0.0,1,0,0
2024-08-14,Strawberries,46,9,73.2,0.0,2,0,0
2024-08-14,Chocolate,55,2,73.2,0.0,2,0,0
2024-08-14,Eggs,77,6,73.2,0.0,2,0,0
2024-08-14,Milk,80,10,73.2,0.0,2,0,0
2024-08-14,Hot-Dogs,48,5,73.2,0.0,2,0,0
2024-08-15,Strawberries,58,12,75.1,0.0,3,0,0
2024-08-15,Chocolate,53,2,75.1,0.0,3,0,0
2024-08-15,Eggs,70,5,75.1,0.0,3,0,0
2024-08-15,Milk,97,14,75.1,0.0,3,0,0
2024-08-15,Hot-Dogs,52,5,75.1,0.0,3,0,0
2024-08-16,Strawberries,61,13,75.3,0.0,4,0,0
2024-08-16,Chocolate,61,2,75.3,0.0,4,0,0
2024-08-16,Eggs,82,7,75.3,0.0,4,0,0
2024-08-16,Milk,99,14,75.3,0.0,4,0,0
2024-08-16,Hot-Dogs,69,7,75.3,0.0,4,0,0
2024-08-17,Strawberries,70,13,74.0,0.18,5,1,0
2024-08-17,Chocolate,65,2,74.0,0.18,5,1,0
2024-08-17,Eggs,102,6,74.0,0.18,5,1,0
2024-08-17,Milk,98,12,74.0,0.18,5,1,0
2024-08-17,Hot-Dogs,76,8,74.0,0.18,5,1,0
2024-08-18,Strawberries,59,12,73.0,1.08,6,1,0
2024-08-18,Chocolate,51,3,73.0,1.08,6,1,0
2024-08-18,Eggs,83,6,73.0,1.08,6,1,0
2024-08-18,Milk,104,13,73.0,1.08,6,1,0
2024-08-18,Hot-Dogs,64,7,73.0,1.08,6,1,0
2024-08-19,Strawberries,38,8,73.1,1.17,0,0,0
2024-08-19,Chocolate,38,2,73.1,1.17,0,0,0
2024-08-19,Eggs,71,6,73.1,1.17,0,0,0
2024-08-19,Milk,81,8,73.1,1.17,0,0,0
2024-08-19,Hot-Dogs,38,4,73.1,1.17,0,0,0
2024-08-20,Strawberries,49,8,66.2,0.0,1,0,0
2024-08-20,Chocolate,62,3,66.2,0.0,1,0,0
2024-08-20,Eggs,82,7,66.2,0.0,1,0,0
2024-08-20,Milk,90,10,66.2,0.0,1,0,0
2024-08-20,Hot-Dogs,49,5,66.2,0.0,1,0,0
2024-08-21,Strawberries,44,9,64.1,0.0,2,0,0
2024-08-21,Chocolate,58,2,64.1,0.0,2,0,0
2024-08-21,Eggs,65,5,64.1,0.0,2,0,0
2024-08-21,Milk,81,10,64.1,0.0,2,0,0
2024-08-21,Hot-Dogs,51,5,64.1,0.0,2,0,0
2024-08-22,Strawberries,54,10,65.9,0.0,3,0,0
2024-08-22,Chocolate,59,2,65.9,0.0,3,0,0
2024-08-22,Eggs,91,7,65.9,0.0,3,0,0
2024-08-22,Milk,101,11,65.9,0.0,3,0,0
2024-08-22,Hot-Dogs,50,5,65.9,0.0,3,0,0
2024-08-23,Strawberries,60,11,69.0,0.0,4,0,0
2024-08-23,Chocolate,67,2,69.0,0.0,4,0,0
2024-08-23,Eggs,95,6,69.0,0.0,4,0,0
2024-08-23,Milk,114,14,69.0,0.0,4,0,0
2024-08-23,Hot-Dogs,55,4,69.0,0.0,4,0,0
2024-08-24,Strawberries,59,11,71.5,0.0,5,1,0
2024-08-24,Chocolate,56,2,71.5,0.0,5,1,0
2024-08-24,Eggs,106,9,71.5,0.0,5,1,0
2024-08-24,Milk,135,18,71.5,0.0,5,1,0
2024-08-24,Hot-Dogs,82,9,71.5,0.0,5,1,0
2024-08-25,Strawberries,71,12,73.3,0.01,6,1,0
2024-08-25,Chocolate,57,3,73.3,0.01,6,1,0
2024-08-25,Eggs,100,9,73.3,0.01,6,1,0
2024-08-25,Milk,130,16,73.3,0.01,6,1,0
2024-08-25,Hot-Dogs,96,8,73.3,0.01,6,1,0
2024-08-26,Strawberries,43,7,73.7,0.04,0,0,0
2024-08-26,Chocolate,56,2,73.7,0.04,0,0,0
2024-08-26,Eggs,84,6,73.7,0.04,0,0,0
2024-08-26,Milk,97,12,73.7,0.04,0,0,0
2024-08-26,Hot-Dogs,55,6,73.7,0.04,0,0,0
2024-08-27,Strawberries,42,6,73.8,0.0,1,0,0
2024-08-27,Chocolate,60,2,73.8,0.0,1,0,0
2024-08-27,Eggs,74,6,73.8,0.0,1,0,0
2024-08-27,Milk,97,12,73.8,0.0,1,0,0
2024-08-27,Hot-Dogs,58,4,73.8,0.0,1,0,0
2024-08-28,Strawberries,56,14,80.8,0.0,2,0,0
2024-08-28,Chocolate,48,2,80.8,0.0,2,0,0
2024-08-28,Eggs,77,6,80.8,0.0,2,0,0
2024-08-28,Milk,93,14,80.8,0.0,2,0,0
2024-08-28,Hot-Dogs,51,5,80.8,0.0,2,0,0
2024-08-29,Strawberries,48,7,73.8,0.18,3,0,0
2024-08-29,Chocolate,66,2,73.8,0.18,3,0,0
2024-08-29,Eggs,66,6,73.8,0.18,3,0,0
2024-08-29,Milk,99,10,73.8,0.18,3,0,0
2024-08-29,Hot-Dogs,57,5,73.8,0.18,3,0,0
2024-08-30,Strawberries,52,7,69.1,0.15,4,0,0
2024-08-30,Chocolate,68,4,69.1,0.15,4,0,0
2024-08-30,Eggs,91,6,69.1,0.15,4,0,0
2024-08-30,Milk,100,13,69.1,0.15,4,0,0
2024-08-30,Hot-Dogs,60,5,69.1,0.15,4,0,0
2024-08-31,Strawberries,70,11,71.0,0.04,5,1,0
2024-08-31,Chocolate,61,2,71.0,0.04,5,1,0
2024-08-31,Eggs,104,7,71.0,0.04,5,1,0
2024-08-31,Milk,129,13,71.0,0.04,5,1,0
2024-08-31,Hot-Dogs,84,9,71.0,0.04,5,1,0
2024-09-01,Strawberries,58,14,75.5,0.19,6,1,0
2024-09-01,Chocolate,68,3,75.5,0.19,6,1,0
2024-09-01,Eggs,94,7,75.5,0.19,6,1,0
2024-09-01,Milk,129,22,75.5,0.19,6,1,0
2024-09-01,Hot-Dogs,77,8,75.5,0.19,6,1,0
2024-09-02,Strawberries,57,8,71.1,0.0,0,0,1
2024-09-02,Chocolate,78,3,71.1,0.0,0,0,1
2024-09-02,Eggs,108,8,71.1,0.0,0,0,1
2024-09-02,Milk,119,13,71.1,0.0,0,0,1
2024-09-02,Hot-Dogs,77,6,71.1,0.0,0,0,1
2024-09-03,Strawberries,42,7,63.8,0.0,1,0,0
2024-09-03,Chocolate,48,2,63.8,0.0,1,0,0
2024-09-03,Eggs,72,5,63.8,0.0,1,0,0
2024-09-03,Milk,88,12,63.8,0.0,1,0,0
2024-09-03,Hot-Dogs,54,5,63.8,0.0,1,0,0
2024-09-04,Strawberries,52,8,65.0,0.0,2,0,0
2024-09-04,Chocolate,56,2,65.0,0.0,2,0,0
2024-09-04,Eggs,85,5,65.0,0.0,2,0,0
2024-09-04,Milk,102,10,65.0,0.0,2,0,0
2024-09-04,Hot-Dogs,46,4,65.0,0.0,2,0,0
2024-09-05,Strawberries,48,8,65.9,0.0,3,0,0
2024-09-05,Chocolate,57,3,65.9,0.0,3,0,0
2024-09-05,Eggs,90,8,65.9,0.0,3,0,0
2024-09-05,Milk,94,11,65.9,0.0,3,0,0
2024-09-05,Hot-Dogs,64,5,65.9,0.0,3,0,0
2024-09-06,Strawberries,51,10,67.8,0.0,4,0,0
2024-09-06,Chocolate,67,3,67.8,0.0,4,0,0
2024-09-06,Eggs,73,5,67.8,0.0,4,0,0
2024-09-06,Milk,88,10,67.8,0.0,4,0,0
2024-09-06,Hot-Dogs,72,7,67.8,0.0,4,0,0
2024-09-07,Strawberries,65,9,67.5,0.12,5,1,0
2024-09-07,Chocolate,75,3,67.5,0.12,5,1,0
2024-09-07,Eggs,99,7,67.5,0.12,5,1,0
2024-09-07,Milk,103,12,67.5,0.12,5,1,0
2024-09-07,Hot-Dogs,78,6,67.5,0.12,5,1,0
2024-09-08,Strawberries,63,11,61.4,0.0,6,1,0
2024-09-08,Chocolate,60,2,61.4,0.0,6,1,0
2024-09-08,Eggs,97,8,61.4,0.0,6,1,0
2024-09-08,Milk,130,18,61.4,0.0,6,1,0
2024-09-08,Hot-Dogs,80,6,61.4,0.0,6,1,0
2024-09-09,Strawberries,47,9,64.3,0.0,0,0,0
2024-09-09,Chocolate,58,3,64.3,0.0,0,0,0
2024-09-09,Eggs,86,6,64.3,0.0,0,0,0
2024-09-09,Milk,103,10,64.3,0.0,0,0,0
2024-09-09,Hot-Dogs,55,5,64.3,0.0,0,0,0
2024-09-10,Strawberries,42,8,67.0,0.0,1,0,0
2024-09-10,Chocolate,58,2,67.0,0.0,1,0,0
2024-09-10,Eggs,80,7,67.0,0.0,1,0,0
2024-09-10,Milk,89,11,67.0,0.0,1,0,0
2024-09-10,Hot-Dogs,45,4,67.0,0.0,1,0,0
2024-09-11,Strawberries,53,10,65.2,0.0,2,0,0
2024-09-11,Chocolate,65,3,65.2,0.0,2,0,0
2024-09-11,Eggs,85,6,65.2,0.0,2,0,0
2024-09-11,Milk,99,14,65.2,0.0,2,0,0
2024-09-11,Hot-Dogs,51,4,65.2,0.0,2,0,0
2024-09-12,Strawberries,45,9,66.9,0.0,3,0,0
2024-09-12,Chocolate,69,3,66.9,0.0,3,0,0
2024-09-12,Eggs,91,6,66.9,0.0,3,0,0
2024-09-12,Milk,90,8,66.9,0.0,3,0,0
2024-09-12,Hot-Dogs,49,4,66.9,0.0,3,0,0
2024-09-13,Strawberries,60,12,67.7,0.0,4,0,0
2024-09-13,Chocolate,65,2,67.7,0.0,4,0,0
2024-09-13,Eggs,77,7,67.7,0.0,4,0,0
2024-09-13,Milk,89,9,67.7,0.0,4,0,0
2024-09-13,Hot-Dogs,68,5,67.7,0.0,4,0,0
2024-09-14,Strawberries,71,12,71.1,0.0,5,1,0
2024-09-14,Chocolate,72,3,71.1,0.0,5,1,0
2024-09-14,Eggs,123,8,71.1,0.0,5,1,0
2024-09-14,Milk,126,15,71.1,0.0,5,1,0
2024-09-14,Hot-Dogs,73,5,71.1,0.0,5,1,0
2024-09-15,Strawberries,65,13,69.5,0.0,6,1,0
2024-09-15,Chocolate,66,3,69.5,0.0,6,1,0
2024-09-15,Eggs,122,8,69.5,0.0,6,1,0
2024-09-15,Milk,102,12,69.5,0.0,6,1,0
2024-09-15,Hot-Dogs,72,8,69.5,0.0,6,1,0
2024-09-16,Strawberries,41,7,65.9,0.0,0,0,0
2024-09-16,Chocolate,45,2,65.9,0.0,0,0,0
2024-09-16,Eggs,79,6,65.9,0.0,0,0,0
2024-09-16,Milk,90,11,65.9,0.0,0,0,0
2024-09-16,Hot-Dogs,53,4,65.9,0.0,0,0,0
2024-09-17,Strawberries,50,8,68.0,0.0,1,0,0
2024-09-17,Chocolate,59,2,68.0,0.0,1,0,0
2024-09-17,Eggs,63,4,68.0,0.0,1,0,0
2024-09-17,Milk,89,11,68.0,0.0,1,0,0
2024-09-17,Hot-Dogs,57,6,68.0,0.0,1,0,0
2024-09-18,Strawberries,48,10,69.0,0.0,2,0,0
2024-09-18,Chocolate,59,2,69.0,0.0,2,0,0
2024-09-18,Eggs,85,6,69.0,0.0,2,0,0
2024-09-18,Milk,89,9,69.0,0.0,2,0,0
2024-09-18,Hot-Dogs,58,5,69.0,0.0,2,0,0
2024-09-19,Strawberries,48,9,72.8,0.0,3,0,0
2024-09-19,Chocolate,66,3,72.8,0.0,3,0,0
2024-09-19,Eggs,83,6,72.8,0.0,3,0,0
2024-09-19,Milk,98,10,72.8,0.0,3,0,0
2024-09-19,Hot-Dogs,66,7,72.8,0.0,3,0,0
2024-09-20,Strawberries,61,10,71.4,0.0,4,0,0
2024-09-20,Chocolate,60,2,71.4,0.0,4,0,0
2024-09-20,Eggs,92,7,71.4,0.0,4,0,0
2024-09-20,Milk,89,11,71.4,0.0,4,0,0
2024-09-20,Hot-Dogs,70,7,71.4,0.0,4,0,0
2024-09-21,Strawberries,64,11,68.4,0.0,5,1,0
2024-09-21,Chocolate,68,3,68.4,0.0,5,1,0
2024-09-21,Eggs,94,8,68.4,0.0,5,1,0
2024-09-21,Milk,127,12,68.4,0.0,5,1,0
2024-09-21,Hot-Dogs,88,7,68.4,0.0,5,1,0
2024-09-22,Strawberries,68,10,65.7,0.0,6,1,0
2024-09-22,Chocolate,66,3,65.7,0.0,6,1,0
2024-09-22,Eggs,114,7,65.7,0.0,6,1,0
2024-09-22,Milk,109,12,65.7,0.0,6,1,0
2024-09-22,Hot-Dogs,85,7,65.7,0.0,6,1,0
2024-09-23,Strawberries,40,6,62.9,0.0,0,0,0
2024-09-23,Chocolate,58,3,62.9,0.0,0,0,0
2024-09-23,Eggs,69,4,62.9,0.0,0,0,0
2024-09-23,Milk,102,13,62.9,0.0,0,0,0
2024-09-23,Hot-Dogs,40,3,62.9,0.0,0,0,0
2024-09-24,Strawberries,40,6,63.2,0.0,1,0,0
2024-09-24,Chocolate,61,3,63.2,0.0,1,0,0
2024-09-24,Eggs,65,4,63.2,0.0,1,0,0
2024-09-24,Milk,81,8,63.2,0.0,1,0,0
2024-09-24,Hot-Dogs,57,5,63.2,0.0,1,0,0
2024-09-25,Strawberries,45,7,64.1,0.04,2,0,0
2024-09-25,Chocolate,56,3,64.1,0.04,2,0,0
2024-09-25,Eggs,65,5,64.1,0.04,2,0,0
2024-09-25,Milk,99,9,64.1,0.04,2,0,0
2024-09-25,Hot-Dogs,49,4,64.1,0.04,2,0,0
2024-09-26,Strawberries,55,9,68.5,0.17,3,0,0
2024-09-26,Chocolate,56,2,68.5,0.17,3,0,0
2024-09-26,Eggs,76,7,68.5,0.17,3,0,0
2024-09-26,Milk,88,9,68.5,0.17,3,0,0
2024-09-26,Hot-Dogs,61,5,68.5,0.17,3,0,0
2024-09-27,Strawberries,59,12,68.6,0.04,4,0,0
2024-09-27,Chocolate,61,2,68.6,0.04,4,0,0
2024-09-27,Eggs,87,6,68.6,0.04,4,0,0
2024-09-27,Milk,100,12,68.6,0.04,4,0,0
2024-09-27,Hot-Dogs,57,6,68.6,0.04,4,0,0
2024-09-28,Strawberries,49,10,64.1,0.54,5,1,0
2024-09-28,Chocolate,64,3,64.1,0.54,5,1,0
2024-09-28,Eggs,113,8,64.1,0.54,5,1,0
2024-09-28,Milk,98,11,64.1,0.54,5,1,0
2024-09-28,Hot-Dogs,76,8,64.1,0.54,5,1,0
2024-09-29,Strawberries,56,8,62.8,0.05,6,1,0
2024-09-29,Chocolate,76,3,62.8,0.05,6,1,0
2024-09-29,Eggs,123,11,62.8,0.05,6,1,0
2024-09-29,Milk,112,14,62.8,0.05,6,1,0
2024-09-29,Hot-Dogs,67,6,62.8,0.05,6,1,0
2024-09-30,Strawberries,45,7,64.4,0.0,0,0,0
2024-09-30,Chocolate,45,2,64.4,0.0,0,0,0
2024-09-30,Eggs,74,5,64.4,0.0,0,0,0
2024-09-30,Milk,109,11,64.4,0.0,0,0,0
2024-09-30,Hot-Dogs,54,5,64.4,0.0,0,0,0
2024-10-01,Strawberries,41,7,63.4,0.0,1,0,0
2024-10-01,Chocolate,63,3,63.4,0.0,1,0,0
2024-10-01,Eggs,65,4,63.4,0.0,1,0,0
2024-10-01,Milk,107,11,63.4,0.0,1,0,0
2024-10-01,Hot-Dogs,46,5,63.4,0.0,1,0,0
2024-10-02,Strawberries,46,8,61.3,0.0,2,0,0
2024-10-02,Chocolate,60,3,61.3,0.0,2,0,0
2024-10-02,Eggs,83,7,61.3,0.0,2,0,0
2024-10-02,Milk,91,13,61.3,0.0,2,0,0
2024-10-02,Hot-Dogs,45,4,61.3,0.0,2,0,0
2024-10-03,Strawberries,53,11,64.1,0.0,3,0,0
2024-10-03,Chocolate,58,3,64.1,0.0,3,0,0
2024-10-03,Eggs,70,5,64.1,0.0,3,0,0
2024-10-03,Milk,113,11,64.1,0.0,3,0,0
2024-10-03,Hot-Dogs,55,5,64.1,0.0,3,0,0
2024-10-04,Strawberries,51,7,63.3,0.01,4,0,0
2024-10-04,Chocolate,60,3,63.3,0.01,4,0,0
2024-10-04,Eggs,89,7,63.3,0.01,4,0,0
2024-10-04,Milk,98,12,63.3,0.01,4,0,0
2024-10-04,Hot-Dogs,69,7,63.3,0.01,4,0,0
2024-10-05,Strawberries,63,9,65.5,0.02,5,1,0
2024-10-05,Chocolate,77,3,65.5,0.02,5,1,0
2024-10-05,Eggs,102,8,65.5,0.02,5,1,0
2024-10-05,Milk,118,13,65.5,0.02,5,1,0
2024-10-05,Hot-Dogs,81,8,65.5,0.02,5,1,0
2024-10-06,Strawberries,69,10,60.7,0.0,6,1,0
2024-10-06,Chocolate,68,3,60.7,0.0,6,1,0
2024-10-06,Eggs,101,7,60.7,0.0,6,1,0
2024-10-06,Milk,129,15,60.7,0.0,6,1,0
2024-10-06,Hot-Dogs,76,8,60.7,0.0,6,1,0
2024-10-07,Strawberries,45,7,65.4,0.22,0,0,0
2024-10-07,Chocolate,56,3,65.4,0.22,0,0,0
2024-10-07,Eggs,63,6,65.4,0.22,0,0,0
2024-10-07,Milk,93,12,65.4,0.22,0,0,0
2024-10-07,Hot-Dogs,49,5,65.4,0.22,0,0,0
2024-10-08,Strawberries,46,8,59.7,0.0,1,0,0
2024-10-08,Chocolate,56,2,59.7,0.0,1,0,0
2024-10-08,Eggs,80,7,59.7,0.0,1,0,0
2024-10-08,Milk,83,8,59.7,0.0,1,0,0
2024-10-08,Hot-Dogs,43,4,59.7,0.0,1,0,0
2024-10-09,Strawberries,38,5,58.8,0.0,2,0,0
2024-10-09,Chocolate,52,2,58.8,0.0,2,0,0
2024-10-09,Eggs,87,7,58.8,0.0,2,0,0
2024-10-09,Milk,103,11,58.8,0.0,2,0,0
2024-10-09,Hot-Dogs,53,5,58.8,0.0,2,0,0
2024-10-10,Strawberries,52,8,54.0,0.0,3,0,0
2024-10-10,Chocolate,68,3,54.0,0.0,3,0,0
2024-10-10,Eggs,90,6,54.0,0.0,3,0,0
2024-10-10,Milk,88,11,54.0,0.0,3,0,0
2024-10-10,Hot-Dogs,53,5,54.0,0.0,3,0,0
2024-10-11,Strawberries,56,8,56.2,0.0,4,0,0
2024-10-11,Chocolate,72,3,56.2,0.0,4,0,0
2024-10-11,Eggs,86,6,56.2,0.0,4,0,0
2024-10-11,Milk,117,15,56.2,0.0,4,0,0
2024-10-11,Hot-Dogs,56,4,56.2,0.0,4,0,0
2024-10-12,Strawberries,59,12,63.3,0.0,5,1,0
2024-10-12,Chocolate,62,2,63.3,0.0,5,1,0
2024-10-12,Eggs,93,8,63.3,0.0,5,1,0
2024-10-12,Milk,120,14,63.3,0.0,5,1,0
2024-10-12,Hot-Dogs,80,9,63.3,0.0,5,1,0
2024-10-13,Strawberries,58,8,61.9,0.0,6,1,0
2024-10-13,Chocolate,63,3,61.9,0.0,6,1,0
2024-10-13,Eggs,119,9,61.9,0.0,6,1,0
2024-10-13,Milk,117,15,61.9,0.0,6,1,0
2024-10-13,Hot-Dogs,83,9,61.9,0.0,6,1,0
2024-10-14,Strawberries,56,8,56.3,0.0,0,0,1
2024-10-14,Chocolate,70,3,56.3,0.0,0,0,1
2024-10-14,Eggs,104,9,56.3,0.0,0,0,1
2024-10-14,Milk,107,13,56.3,0.0,0,0,1
2024-10-14,Hot-Dogs,66,7,56.3,0.0,0,0,1
2024-10-15,Strawberries,46,7,49.5,0.01,1,0,0
2024-10-15,Chocolate,65,3,49.5,0.01,1,0,0
2024-10-15,Eggs,72,6,49.5,0.01,1,0,0
2024-10-15,Milk,105,14,49.5,0.01,1,0,0
2024-10-15,Hot-Dogs,52,4,49.5,0.01,1,0,0
2024-10-16,Strawberries,45,7,49.6,0.0,2,0,0
2024-10-16,Chocolate,61,3,49.6,0.0,2,0,0
2024-10-16,Eggs,73,5,49.6,0.0,2,0,0
2024-10-16,Milk,90,10,49.6,0.0,2,0,0
2024-10-16,Hot-Dogs,49,5,49.6,0.0,2,0,0
2024-10-17,Strawberries,44,7,48.8,0.0,3,0,0
2024-10-17,Chocolate,67,3,48.8,0.0,3,0,0
2024-10-17,Eggs,82,7,48.8,0.0,3,0,0
2024-10-17,Milk,88,11,48.8,0.0,3,0,0
2024-10-17,Hot-Dogs,57,6,48.8,0.0,3,0,0
2024-10-18,Strawberries,48,8,53.8,0.0,4,0,0
2024-10-18,Chocolate,65,3,53.8,0.0,4,0,0
2024-10-18,Eggs,83,6,53.8,0.0,4,0,0
2024-10-18,Milk,91,11,53.8,0.0,4,0,0
2024-10-18,Hot-Dogs,50,4,53.8,0.0,4,0,0
2024-10-19,Strawberries,52,9,55.5,0.0,5,1,0
2024-10-19,Chocolate,60,3,55.5,0.0,5,1,0
2024-10-19,Eggs,100,7,55.5,0.0,5,1,0
2024-10-19,Milk,109,10,55.5,0.0,5,1,0
2024-10-19,Hot-Dogs,69,7,55.5,0.0,5,1,0
2024-10-20,Strawberries,52,7,57.6,0.0,6,1,0
2024-10-20,Chocolate,75,3,57.6,0.0,6,1,0
2024-10-20,Eggs,123,9,57.6,0.0,6,1,0
2024-10-20,Milk,118,16,57.6,0.0,6,1,0
2024-10-20,Hot-Dogs,78,7,57.6,0.0,6,1,0
2024-10-21,Strawberries,41,8,63.1,0.0,0,0,0
2024-10-21,Chocolate,51,2,63.1,0.0,0,0,0
2024-10-21,Eggs,71,4,63.1,0.0,0,0,0
2024-10-21,Milk,97,11,63.1,0.0,0,0,0
2024-10-21,Hot-Dogs,40,4,63.1,0.0,0,0,0
2024-10-22,Strawberries,41,8,65.8,0.0,1,0,0
2024-10-22,Chocolate,55,3,65.8,0.0,1,0,0
2024-10-22,Eggs,71,5,65.8,0.0,1,0,0
2024-10-22,Milk,92,9,65.8,0.0,1,0,0
2024-10-22,Hot-Dogs,47,5,65.8,0.0,1,0,0
2024-10-23,Strawberries,47,9,63.7,0.0,2,0,0
2024-10-23,Chocolate,53,3,63.7,0.0,2,0,0
2024-10-23,Eggs,67,4,63.7,0.0,2,0,0
2024-10-23,Milk,93,13,63.7,0.0,2,0,0
2024-10-23,Hot-Dogs,48,4,63.7,0.0,2,0,0
2024-10-24,Strawberries,50,8,61.2,0.02,3,0,0
2024-10-24,Chocolate,69,3,61.2,0.02,3,0,0
2024-10-24,Eggs,87,7,61.2,0.02,3,0,0
2024-10-24,Milk,96,10,61.2,0.02,3,0,0
2024-10-24,Hot-Dogs,57,5,61.2,0.02,3,0,0
2024-10-25,Strawberries,57,8,53.3,0.0,4,0,0
2024-10-25,Chocolate,68,3,53.3,0.0,4,0,0
2024-10-25,Eggs,72,6,53.3,0.0,4,0,0
2024-10-25,Milk,108,14,53.3,0.0,4,0,0
2024-10-25,Hot-Dogs,58,5,53.3,0.0,4,0,0
2024-10-26,Strawberries,56,10,56.2,0.0,5,1,0
2024-10-26,Chocolate,60,3,56.2,0.0,5,1,0
2024-10-26,Eggs,114,9,56.2,0.0,5,1,0
2024-10-26,Milk,116,12,56.2,0.0,5,1,0
2024-10-26,Hot-Dogs,77,6,56.2,0.0,5,1,0
2024-10-27,Strawberries,54,10,49.2,0.0,6,1,0
2024-10-27,Chocolate,64,2,49.2,0.0,6,1,0
2024-10-27,Eggs,96,6,49.2,0.0,6,1,0
2024-10-27,Milk,125,12,49.2,0.0,6,1,0
2024-10-27,Hot-Dogs,67,7,49.2,0.0,6,1,0
2024-10-28,Strawberries,37,7,48.6,0.0,0,0,0
2024-10-28,Chocolate,55,2,48.6,0.0,0,0,0
2024-10-28,Eggs,79,5,48.6,0.0,0,0,0
2024-10-28,Milk,104,14,48.6,0.0,0,0,0
2024-10-28,Hot-Dogs,40,4,48.6,0.0,0,0,0
2024-10-29,Strawberries,47,10,54.9,0.04,1,0,0
2024-10-29,Chocolate,56,2,54.9,0.04,1,0,0
2024-10-29,Eggs,61,4,54.9,0.04,1,0,0
2024-10-29,Milk,104,11,54.9,0.04,1,0,0
2024-10-29,Hot-Dogs,53,5,54.9,0.04,1,0,0
2024-10-30,Strawberries,41,8,62.9,0.0,2,0,0
2024-10-30,Chocolate,58,2,62.9,0.0,2,0,0
2024-10-30,Eggs,75,5,62.9,0.0,2,0,0
2024-10-30,Milk,93,12,62.9,0.0,2,0,0
2024-10-30,Hot-Dogs,55,5,62.9,0.0,2,0,0
2024-10-31,Strawberries,49,8,67.6,0.0,3,0,0
2024-10-31,Chocolate,67,3,67.6,0.0,3,0,0
2024-10-31,Eggs,91,6,67.6,0.0,3,0,0
2024-10-31,Milk,107,11,67.6,0.0,3,0,0
2024-10-31,Hot-Dogs,57,5,67.6,0.0,3,0,0
2024-11-01,Strawberries,62,9,69.7,0.01,4,0,0
2024-11-01,Chocolate,73,4,69.7,0.01,4,0,0
2024-11-01,Eggs,89,8,69.7,0.01,4,0,0
2024-11-01,Milk,91,11,69.7,0.01,4,0,0
2024-11-01,Hot-Dogs,67,6,69.7,0.01,4,0,0
2024-11-02,Strawberries,60,9,53.8,0.0,5,1,0
2024-11-02,Chocolate,65,3,53.8,0.0,5,1,0
2024-11-02,Eggs,92,6,53.8,0.0,5,1,0
2024-11-02,Milk,115,14,53.8,0.0,5,1,0
2024-11-02,Hot-Dogs,69,5,53.8,0.0,5,1,0
2024-11-03,Strawberries,60,12,45.4,0.0,6,1,0
2024-11-03,Chocolate,82,3,45.4,0.0,6,1,0
2024-11-03,Eggs,102,7,45.4,0.0,6,1,0
2024-11-03,Milk,127,14,45.4,0.0,6,1,0
2024-11-03,Hot-Dogs,62,6,45.4,0.0,6,1,0
2024-11-04,Strawberries,32,4,48.2,0.0,0,0,0
2024-11-04,Chocolate,62,2,48.2,0.0,0,0,0
2024-11-04,Eggs,67,4,48.2,0.0,0,0,0
2024-11-04,Milk,89,10,48.2,0.0,0,0,0
2024-11-04,Hot-Dogs,39,3,48.2,0.0,0,0,0
2024-11-05,Strawberries,41,8,60.0,0.0,1,0,0
2024-11-05,Chocolate,48,2,60.0,0.0,1,0,0
2024-11-05,Eggs,75,6,60.0,0.0,1,0,0
2024-11-05,Milk,103,13,60.0,0.0,1,0,0
2024-11-05,Hot-Dogs,53,5,60.0,0.0,1,0,0
2024-11-06,Strawberries,54,9,69.4,0.0,2,0,0
2024-11-06,Chocolate,52,2,69.4,0.0,2,0,0
2024-11-06,Eggs,78,6,69.4,0.0,2,0,0
2024-11-06,Milk,82,8,69.4,0.0,2,0,0
2024-11-06,Hot-Dogs,52,4,69.4,0.0,2,0,0
2024-11-07,Strawberries,49,9,64.4,0.0,3,0,0
2024-11-07,Chocolate,68,2,64.4,0.0,3,0,0
2024-11-07,Eggs,85,6,64.4,0.0,3,0,0
2024-11-07,Milk,107,14,64.4,0.0,3,0,0
2024-11-07,Hot-Dogs,64,7,64.4,0.0,3,0,0
2024-11-08,Strawberries,51,8,56.1,0.0,4,0,0
2024-11-08,Chocolate,66,3,56.1,0.0,4,0,0
2024-11-08,Eggs,79,6,56.1,0.0,4,0,0
2024-11-08,Milk,101,12,56.1,0.0,4,0,0
2024-11-08,Hot-Dogs,57,6,56.1,0.0,4,0,0
2024-11-09,Strawberries,58,11,47.5,0.0,5,1,0
2024-11-09,Chocolate,68,3,47.5,0.0,5,1,0
2024-11-09,Eggs,95,6,47.5,0.0,5,1,0
2024-11-09,Milk,138,14,47.5,0.0,5,1,0
2024-11-09,Hot-Dogs,64,6,47.5,0.0,5,1,0
2024-11-10,Strawberries,61,11,47.6,0.03,6,1,0
2024-11-10,Chocolate,81,3,47.6,0.03,6,1,0
2024-11-10,Eggs,103,9,47.6,0.03,6,1,0
2024-11-10,Milk,130,15,47.6,0.03,6,1,0
2024-11-10,Hot-Dogs,62,6,47.6,0.03,6,1,0
2024-11-11,Strawberries,47,7,60.3,0.13,0,0,1
2024-11-11,Chocolate,90,4,60.3,0.13,0,0,1
2024-11-11,Eggs,86,7,60.3,0.13,0,0,1
2024-11-11,Milk,107,14,60.3,0.13,0,0,1
2024-11-11,Hot-Dogs,63,6,60.3,0.13,0,0,1
2024-11-12,Strawberries,45,8,49.3,0.0,1,0,0
2024-11-12,Chocolate,62,2,49.3,0.0,1,0,0
2024-11-12,Eggs,65,5,49.3,0.0,1,0,0
2024-11-12,Milk,109,14,49.3,0.0,1,0,0
2024-11-12,Hot-Dogs,46,4,49.3,0.0,1,0,0
2024-11-13,Strawberries,43,7,41.1,0.0,2,0,0
2024-11-13,Chocolate,72,3,41.1,0.0,2,0,0
2024-11-13,Eggs,80,7,41.1,0.0,2,0,0
2024-11-13,Milk,99,14,41.1,0.0,2,0,0
2024-11-13,Hot-Dogs,47,5,41.1,0.0,2,0,0
2024-11-14,Strawberries,46,9,40.3,0.0,3,0,0
2024-11-14,Chocolate,58,2,40.3,0.0,3,0,0
2024-11-14,Eggs,70,6,40.3,0.0,3,0,0
2024-11-14,Milk,111,14,40.3,0.0,3,0,0
2024-11-14,Hot-Dogs,45,4,40.3,0.0,3,0,0
2024-11-15,Strawberries,41,8,46.7,0.0,4,0,0
2024-11-15,Chocolate,77,4,46.7,0.0,4,0,0
2024-11-15,Eggs,88,6,46.7,0.0,4,0,0
2024-11-15,Milk,103,10,46.7,0.0,4,0,0
2024-11-15,Hot-Dogs,52,4,46.7,0.0,4,0,0
2024-11-16,Strawberries,54,8,50.9,0.0,5,1,0
2024-11-16,Chocolate,72,3,50.9,0.0,5,1,0
2024-11-16,Eggs,95,6,50.9,0.0,5,1,0
2024-11-16,Milk,102,13,50.9,0.0,5,1,0
2024-11-16,Hot-Dogs,64,7,50.9,0.0,5,1,0
2024-11-17,Strawberries,63,11,52.2,0.0,6,1,0
2024-11-17,Chocolate,64,2,52.2,0.0,6,1,0
2024-11-17,Eggs,106,6,52.2,0.0,6,1,0
2024-11-17,Milk,121,17,52.2,0.0,6,1,0
2024-11-17,Hot-Dogs,83,7,52.2,0.0,6,1,0
2024-11-18,Strawberries,36,6,54.2,0.0,0,0,0
2024-11-18,Chocolate,56,2,54.2,0.0,0,0,0
2024-11-18,Eggs,74,5,54.2,0.0,0,0,0
2024-11-18,Milk,91,9,54.2,0.0,0,0,0
2024-11-18,Hot-Dogs,38,3,54.2,0.0,0,0,0
2024-11-19,Strawberries,44,8,51.3,0.0,1,0,0
2024-11-19,Chocolate,55,2,51.3,0.0,1,0,0
2024-11-19,Eggs,74,5,51.3,0.0,1,0,0
2024-11-19,Milk,106,15,51.3,0.0,1,0,0
2024-11-19,Hot-Dogs,42,3,51.3,0.0,1,0,0
2024-11-20,Strawberries,48,9,53.0,0.0,2,0,0
2024-11-20,Chocolate,53,2,53.0,0.0,2,0,0
2024-11-20,Eggs,73,4,53.0,0.0,2,0,0
2024-11-20,Milk,100,10,53.0,0.0,2,0,0
2024-11-20,Hot-Dogs,51,4,53.0,0.0,2,0,0
2024-11-21,Strawberries,29,5,47.3,1.67,3,0,0
2024-11-21,Chocolate,42,2,47.3,1.67,3,0,0
2024-11-21,Eggs,63,4,47.3,1.67,3,0,0
2024-11-21,Milk,70,10,47.3,1.67,3,0,0
2024-11-21,Hot-Dogs,32,3,47.3,1.67,3,0,0
2024-11-22,Strawberries,42,8,38.1,0.59,4,0,0
2024-11-22,Chocolate,63,3,38.1,0.59,4,0,0
2024-11-22,Eggs,86,8,38.1,0.59,4,0,0
2024-11-22,Milk,87,10,38.1,0.59,4,0,0
2024-11-22,Hot-Dogs,39,4,38.1,0.59,4,0,0
2024-11-23,Strawberries,58,12,42.1,0.06,5,1,0
2024-11-23,Chocolate,70,4,42.1,0.06,5,1,0
2024-11-23,Eggs,92,7,42.1,0.06,5,1,0
2024-11-23,Milk,131,17,42.1,0.06,5,1,0
2024-11-23,Hot-Dogs,61,6,42.1,0.06,5,1,0
2024-11-24,Strawberries,58,10,46.4,0.0,6,1,0
2024-11-24,Chocolate,65,3,46.4,0.0,6,1,0
2024-11-24,Eggs,98,8,46.4,0.0,6,1,0
2024-11-24,Milk,136,17,46.4,0.0,6,1,0
2024-11-24,Hot-Dogs,77,7,46.4,0.0,6,1,0
2024-11-25,Strawberries,38,5,43.9,0.0,0,0,0
2024-11-25,Chocolate,48,2,43.9,0.0,0,0,0
2024-11-25,Eggs,67,6,43.9,0.0,0,0,0
2024-11-25,Milk,96,9,43.9,0.0,0,0,0
2024-11-25,Hot-Dogs,38,3,43.9,0.0,0,0,0
2024-11-26,Strawberries,36,6,51.1,0.15,1,0,0
2024-11-26,Chocolate,58,3,51.1,0.15,1,0,0
2024-11-26,Eggs,67,5,51.1,0.15,1,0,0
2024-11-26,Milk,107,14,51.1,0.15,1,0,0
2024-11-26,Hot-Dogs,43,3,51.1,0.15,1,0,0
2024-11-27,Strawberries,37,6,42.5,0.0,2,0,0
2024-11-27,Chocolate,64,2,42.5,0.0,2,0,0
2024-11-27,Eggs,71,5,42.5,0.0,2,0,0
2024-11-27,Milk,102,12,42.5,0.0,2,0,0
2024-11-27,Hot-Dogs,46,4,42.5,0.0,2,0,0
2024-11-28,Strawberries,54,12,44.1,0.52,3,0,1
2024-11-28,Chocolate,92,4,44.1,0.52,3,0,1
2024-11-28,Eggs,84,8,44.1,0.52,3,0,1
2024-11-28,Milk,120,14,44.1,0.52,3,0,1
2024-11-28,Hot-Dogs,59,5,44.1,0.52,3,0,1
2024-11-29,Strawberries,43,7,38.8,0.01,4,0,0
2024-11-29,Chocolate,72,3,38.8,0.01,4,0,0
2024-11-29,Eggs,84,5,38.8,0.01,4,0,0
2024-11-29,Milk,121,14,38.8,0.01,4,0,0
2024-11-29,Hot-Dogs,56,4,38.8,0.01,4,0,0
2024-11-30,Strawberries,56,9,32.5,0.0,5,1,0
2024-11-30,Chocolate,81,4,32.5,0.0,5,1,0
2024-11-30,Eggs,121,8,32.5,0.0,5,1,0
2024-11-30,Milk,119,13,32.5,0.0,5,1,0
2024-11-30,Hot-Dogs,57,5,32.5,0.0,5,1,0
2024-12-01,Strawberries,50,9,29.9,0.0,6,1,0
2024-12-01,Chocolate,71,3,29.9,0.0,6,1,0
2024-12-01,Eggs,111,8,29.9,0.0,6,1,0
2024-12-01,Milk,119,15,29.9,0.0,6,1,0
2024-12-01,Hot-Dogs,62,6,29.9,0.0,6,1,0
2024-12-02,Strawberries,30,6,31.0,0.0,0,0,0
2024-12-02,Chocolate,62,2,31.0,0.0,0,0,0
2024-12-02,Eggs,86,6,31.0,0.0,0,0,0
2024-12-02,Milk,87,8,31.0,0.0,0,0,0
2024-12-02,Hot-Dogs,40,3,31.0,0.0,0,0,0
2024-12-03,Strawberries,30,6,33.3,0.0,1,0,0
2024-12-03,Chocolate,64,3,33.3,0.0,1,0,0
2024-12-03,Eggs,82,6,33.3,0.0,1,0,0
2024-12-03,Milk,93,9,33.3,0.0,1,0,0
2024-12-03,Hot-Dogs,42,3,33.3,0.0,1,0,0
2024-12-04,Strawberries,40,6,32.2,0.0,2,0,0
2024-12-04,Chocolate,60,2,32.2,0.0,2,0,0
2024-12-04,Eggs,66,5,32.2,0.0,2,0,0
2024-12-04,Milk,88,10,32.2,0.0,2,0,0
2024-12-04,Hot-Dogs,44,3,32.2,0.0,2,0,0
2024-12-05,Strawberries,36,6,35.9,0.14,3,0,0
2024-12-05,Chocolate,65,3,35.9,0.14,3,0,0
2024-12-05,Eggs,78,6,35.9,0.14,3,0,0
2024-12-05,Milk,92,9,35.9,0.14,3,0,0
2024-12-05,Hot-Dogs,46,4,35.9,0.14,3,0,0
2024-12-06,Strawberries,47,7,29.9,0.0,4,0,0
2024-12-06,Chocolate,78,4,29.9,0.0,4,0,0
2024-12-06,Eggs,73,6,29.9,0.0,4,0,0
2024-12-06,Milk,119,16,29.9,0.0,4,0,0
2024-12-06,Hot-Dogs,51,4,29.9,0.0,4,0,0
2024-12-07,Strawberries,54,11,32.9,0.0,5,1,0
2024-12-07,Chocolate,72,3,32.9,0.0,5,1,0
2024-12-07,Eggs,101,7,32.9,0.0,5,1,0
2024-12-07,Milk,133,15,32.9,0.0,5,1,0
2024-12-07,Hot-Dogs,53,5,32.9,0.0,5,1,0
2024-12-08,Strawberries,51,10,42.0,0.0,6,1,0
2024-12-08,Chocolate,71,4,42.0,0.0,6,1,0
2024-12-08,Eggs,117,8,42.0,0.0,6,1,0
2024-12-08,Milk,112,10,42.0,0.0,6,1,0
2024-12-08,Hot-Dogs,64,6,42.0,0.0,6,1,0
2024-12-09,Strawberries,29,4,41.7,0.29,0,0,0
2024-12-09,Chocolate,53,2,41.7,0.29,0,0,0
2024-12-09,Eggs,66,6,41.7,0.29,0,0,0
2024-12-09,Milk,99,11,41.7,0.29,0,0,0
2024-12-09,Hot-Dogs,34,3,41.7,0.29,0,0,0
2024-12-10,Strawberries,34,4,46.4,0.08,1,0,0
2024-12-10,Chocolate,67,4,46.4,0.08,1,0,0
2024-12-10,Eggs,77,6,46.4,0.08,1,0,0
2024-12-10,Milk,95,13,46.4,0.08,1,0,0
2024-12-10,Hot-Dogs,45,3,46.4,0.08,1,0,0
2024-12-11,Strawberries,38,7,55.1,1.35,2,0,0
2024-12-11,Chocolate,43,2,55.1,1.35,2,0,0
2024-12-11,Eggs,64,5,55.1,1.35,2,0,0
2024-12-11,Milk,84,11,55.1,1.35,2,0,0
2024-12-11,Hot-Dogs,36,4,55.1,1.35,2,0,0
2024-12-12,Strawberries,40,6,34.7,0.0,3,0,0
2024-12-12,Chocolate,71,4,34.7,0.0,3,0,0
2024-12-12,Eggs,70,4,34.7,0.0,3,0,0
2024-12-12,Milk,97,10,34.7,0.0,3,0,0
2024-12-12,Hot-Dogs,47,5,34.7,0.0,3,0,0
2024-12-13,Strawberries,39,7,27.6,0.0,4,0,0
2024-12-13,Chocolate,78,4,27.6,0.0,4,0,0
2024-12-13,Eggs,79,6,27.6,0.0,4,0,0
2024-12-13,Milk,96,11,27.6,0.0,4,0,0
2024-12-13,Hot-Dogs,40,3,27.6,0.0,4,0,0
2024-12-14,Strawberries,53,9,26.9,0.0,5,1,0
2024-12-14,Chocolate,80,4,26.9,0.0,5,1,0
2024-12-14,Eggs,114,10,26.9,0.0,5,1,0
2024-12-14,Milk,115,11,26.9,0.0,5,1,0
2024-12-14,Hot-Dogs,53,5,26.9,0.0,5,1,0
2024-12-15,Strawberries,42,8,29.7,0.0,6,1,0
2024-12-15,Chocolate,77,4,29.7,0.0,6,1,0
2024-12-15,Eggs,114,8,29.7,0.0,6,1,0
2024-12-15,Milk,136,19,29.7,0.0,6,1,0
2024-12-15,Hot-Dogs,67,5,29.7,0.0,6,1,0
2024-12-16,Strawberries,36,6,41.7,0.61,0,0,0
2024-12-16,Chocolate,52,3,41.7,0.61,0,0,0
2024-12-16,Eggs,61,5,41.7,0.61,0,0,0
2024-12-16,Milk,103,14,41.7,0.61,0,0,0
2024-12-16,Hot-Dogs,36,4,41.7,0.61,0,0,0
2024-12-17,Strawberries,41,6,51.2,0.18,1,0,0
2024-12-17,Chocolate,50,2,51.2,0.18,1,0,0
2024-12-17,Eggs,72,6,51.2,0.18,1,0,0
2024-12-17,Milk,89,12,51.2,0.18,1,0,0
2024-12-17,Hot-Dogs,48,5,51.2,0.18,1,0,0
2024-12-18,Strawberries,40,7,43.1,0.1,2,0,0
2024-12-18,Chocolate,65,3,43.1,0.1,2,0,0
2024-12-18,Eggs,77,4,43.1,0.1,2,0,0
2024-12-18,Milk,80,9,43.1,0.1,2,0,0
2024-12-18,Hot-Dogs,42,4,43.1,0.1,2,0,0
2024-12-19,Strawberries,44,8,39.8,0.1,3,0,0
2024-12-19,Chocolate,69,3,39.8,0.1,3,0,0
2024-12-19,Eggs,73,6,39.8,0.1,3,0,0
2024-12-19,Milk,90,12,39.8,0.1,3,0,0
2024-12-19,Hot-Dogs,42,4,39.8,0.1,3,0,0
2024-12-20,Strawberries,45,6,33.4,0.07,4,0,0
2024-12-20,Chocolate,67,3,33.4,0.07,4,0,0
2024-12-20,Eggs,90,7,33.4,0.07,4,0,0
2024-12-20,Milk,94,13,33.4,0.07,4,0,0
2024-12-20,Hot-Dogs,46,3,33.4,0.07,4,0,0
2024-12-21,Strawberries,48,9,27.1,0.16,5,1,0
2024-12-21,Chocolate,83,4,27.1,0.16,5,1,0
2024-12-21,Eggs,117,9,27.1,0.16,5,1,0
2024-12-21,Milk,125,17,27.1,0.16,5,1,0
2024-12-21,Hot-Dogs,60,5,27.1,0.16,5,1,0
2024-12-22,Strawberries,48,8,15.4,0.0,6,1,0
2024-12-22,Chocolate,87,4,15.4,0.0,6,1,0
2024-12-22,Eggs,103,9,15.4,0.0,6,1,0
2024-12-22,Milk,125,12,15.4,0.0,6,1,0
2024-12-22,Hot-Dogs,53,4,15.4,0.0,6,1,0
2024-12-23,Strawberries,31,6,13.4,0.0,0,0,0
2024-12-23,Chocolate,65,2,13.4,0.0,0,0,0
2024-12-23,Eggs,81,6,13.4,0.0,0,0,0
2024-12-23,Milk,89,9,13.4,0.0,0,0,0
2024-12-23,Hot-Dogs,28,2,13.4,0.0,0,0,0
2024-12-24,Strawberries,32,6,28.8,0.07,1,0,0
2024-12-24,Chocolate,62,3,28.8,0.07,1,0,0
2024-12-24,Eggs,62,4,28.8,0.07,1,0,0
2024-12-24,Milk,86,9,28.8,0.07,1,0,0
2024-12-24,Hot-Dogs,41,4,28.8,0.07,1,0,0
2024-12-25,Strawberries,42,8,26.6,0.0,2,0,1
2024-12-25,Chocolate,113,5,26.6,0.0,2,0,1
2024-12-25,Eggs,91,8,26.6,0.0,2,0,1
2024-12-25,Milk,120,15,26.6,0.0,2,0,1
2024-12-25,Hot-Dogs,45,3,26.6,0.0,2,0,1
2024-12-26,Strawberries,40,7,22.9,0.0,3,0,0
2024-12-26,Chocolate,74,4,22.9,0.0,3,0,0
2024-12-26,Eggs,88,5,22.9,0.0,3,0,0
2024-12-26,Milk,100,11,22.9,0.0,3,0,0
2024-12-26,Hot-Dogs,34,3,22.9,0.0,3,0,0
2024-12-27,Strawberries,37,5,24.9,0.0,4,0,0
2024-12-27,Chocolate,88,4,24.9,0.0,4,0,0
2024-12-27,Eggs,71,5,24.9,0.0,4,0,0
2024-12-27,Milk,113,13,24.9,0.0,4,0,0
2024-12-27,Hot-Dogs,44,3,24.9,0.0,4,0,0
2024-12-28,Strawberries,51,8,39.0,0.22,5,1,0
2024-12-28,Chocolate,75,4,39.0,0.22,5,1,0
2024-12-28,Eggs,96,9,39.0,0.22,5,1,0
2024-12-28,Milk,111,17,39.0,0.22,5,1,0
2024-12-28,Hot-Dogs,63,6,39.0,0.22,5,1,0
2024-12-29,Strawberries,53,8,49.0,0.11,6,1,0
2024-12-29,Chocolate,60,2,49.0,0.11,6,1,0
2024-12-29,Eggs,113,9,49.0,0.11,6,1,0
2024-12-29,Milk,107,10,49.0,0.11,6,1,0
2024-12-29,Hot-Dogs,73,7,49.0,0.11,6,1,0
2024-12-30,Strawberries,33,7,52.4,0.23,0,0,0
2024-12-30,Chocolate,58,3,52.4,0.23,0,0,0
2024-12-30,Eggs,79,7,52.4,0.23,0,0,0
2024-12-30,Milk,106,14,52.4,0.23,0,0,0
2024-12-30,Hot-Dogs,37,4,52.4,0.23,0,0,0
2024-12-31,Strawberries,49,11,43.0,0.23,1,0,1
2024-12-31,Chocolate,80,4,43.0,0.23,1,0,1
2024-12-31,Eggs,90,8,43.0,0.23,1,0,1
2024-12-31,Milk,116,15,43.0,0.23,1,0,1
2024-12-31,Hot-Dogs,48,5,43.0,0.23,1,0,1
2025-01-01,Strawberries,54,8,45.2,0.18,2,0,1
2025-01-01,Chocolate,97,4,45.2,0.18,2,0,1
2025-01-01,Eggs,79,5,45.2,0.18,2,0,1
2025-01-01,Milk,105,12,45.2,0.18,2,0,1
2025-01-01,Hot-Dogs,54,5,45.2,0.18,2,0,1
2025-01-02,Strawberries,36,5,36.5,0.0,3,0,0
2025-01-02,Chocolate,64,2,36.5,0.0,3,0,0
2025-01-02,Eggs,73,4,36.5,0.0,3,0,0
2025-01-02,Milk,106,15,36.5,0.0,3,0,0
2025-01-02,Hot-Dogs,52,5,36.5,0.0,3,0,0
2025-01-03,Strawberries,40,7,32.5,0.0,4,0,0
2025-01-03,Chocolate,82,3,32.5,0.0,4,0,0
2025-01-03,Eggs,77,7,32.5,0.0,4,0,0
2025-01-03,Milk,111,12,32.5,0.0,4,0,0
2025-01-03,Hot-Dogs,45,4,32.5,0.0,4,0,0
2025-01-04,Strawberries,51,10,29.2,0.0,5,1,0
2025-01-04,Chocolate,77,3,29.2,0.0,5,1,0
2025-01-04,Eggs,103,7,29.2,0.0,5,1,0
2025-01-04,Milk,106,13,29.2,0.0,5,1,0
2025-01-04,Hot-Dogs,64,7,29.2,0.0,5,1,0
2025-01-05,Strawberries,43,8,27.9,0.0,6,1,0
2025-01-05,Chocolate,73,3,27.9,0.0,6,1,0
2025-01-05,Eggs,110,8,27.9,0.0,6,1,0
2025-01-05,Milk,136,15,27.9,0.0,6,1,0
2025-01-05,Hot-Dogs,60,6,27.9,0.0,6,1,0
2025-01-06,Strawberries,35,6,27.6,0.07,0,0,0
2025-01-06,Chocolate,67,2,27.6,0.07,0,0,0
2025-01-06,Eggs,85,6,27.6,0.07,0,0,0
2025-01-06,Milk,90,10,27.6,0.07,0,0,0
2025-01-06,Hot-Dogs,32,2,27.6,0.07,0,0,0
2025-01-07,Strawberries,29,5,22.5,0.0,1,0,0
2025-01-07,Chocolate,62,3,22.5,0.0,1,0,0
2025-01-07,Eggs,80,5,22.5,0.0,1,0,0
2025-01-07,Milk,97,10,22.5,0.0,1,0,0
2025-01-07,Hot-Dogs,38,4,22.5,0.0,1,0,0
2025-01-08,Strawberries,40,7,24.2,0.0,2,0,0
2025-01-08,Chocolate,58,2,24.2,0.0,2,0,0
2025-01-08,Eggs,85,6,24.2,0.0,2,0,0
2025-01-08,Milk,83,11,24.2,0.0,2,0,0
2025-01-08,Hot-Dogs,39,4,24.2,0.0,2,0,0
2025-01-09,Strawberries,39,8,24.3,0.0,3,0,0
2025-01-09,Chocolate,63,3,24.3,0.0,3,0,0
2025-01-09,Eggs,87,6,24.3,0.0,3,0,0
2025-01-09,Milk,113,14,24.3,0.0,3,0,0
2025-01-09,Hot-Dogs,35,4,24.3,0.0,3,0,0
2025-01-10,Strawberries,46,7,30.3,0.0,4,0,0
2025-01-10,Chocolate,70,2,30.3,0.0,4,0,0
2025-01-10,Eggs,83,7,30.3,0.0,4,0,0
2025-01-10,Milk,117,14,30.3,0.0,4,0,0
2025-01-10,Hot-Dogs,48,5,30.3,0.0,4,0,0
2025-01-11,Strawberries,45,8,29.7,0.08,5,1,0
2025-01-11,Chocolate,71,3,29.7,0.08,5,1,0
2025-01-11,Eggs,90,6,29.7,0.08,5,1,0
2025-01-11,Milk,121,12,29.7,0.08,5,1,0
2025-01-11,Hot-Dogs,57,6,29.7,0.08,5,1,0
2025-01-12,Strawberries,50,8,32.9,0.0,6,1,0
2025-01-12,Chocolate,76,4,32.9,0.0,6,1,0
2025-01-12,Eggs,107,10,32.9,0.0,6,1,0
2025-01-12,Milk,117,12,32.9,0.0,6,1,0
2025-01-12,Hot-Dogs,68,7,32.9,0.0,6,1,0
2025-01-13,Strawberries,30,5,34.1,0.0,0,0,0
2025-01-13,Chocolate,64,3,34.1,0.0,0,0,0
2025-01-13,Eggs,84,5,34.1,0.0,0,0,0
2025-01-13,Milk,100,12,34.1,0.0,0,0,0
2025-01-13,Hot-Dogs,33,2,34.1,0.0,0,0,0
2025-01-14,Strawberries,32,5,28.7,0.0,1,0,0
2025-01-14,Chocolate,62,3,28.7,0.0,1,0,0
2025-01-14,Eggs,67,6,28.7,0.0,1,0,0
2025-01-14,Milk,100,13,28.7,0.0,1,0,0
2025-01-14,Hot-Dogs,39,4,28.7,0.0,1,0,0
2025-01-15,Strawberries,31,6,25.8,0.0,2,0,0
2025-01-15,Chocolate,68,3,25.8,0.0,2,0,0
2025-01-15,Eggs,77,5,25.8,0.0,2,0,0
2025-01-15,Milk,106,15,25.8,0.0,2,0,0
2025-01-15,Hot-Dogs,43,3,25.8,0.0,2,0,0
2025-01-16,Strawberries,42,8,26.1,0.01,3,0,0
2025-01-16,Chocolate,76,3,26.1,0.01,3,0,0
2025-01-16,Eggs,77,6,26.1,0.01,3,0,0
2025-01-16,Milk,115,16,26.1,0.01,3,0,0
2025-01-16,Hot-Dogs,42,3,26.1,0.01,3,0,0
2025-01-17,Strawberries,36,7,30.6,0.0,4,0,0
2025-01-17,Chocolate,80,4,30.6,0.0,4,0,0
2025-01-17,Eggs,87,6,30.6,0.0,4,0,0
2025-01-17,Milk,92,10,30.6,0.0,4,0,0
2025-01-17,Hot-Dogs,47,4,30.6,0.0,4,0,0
2025-01-18,Strawberries,49,7,36.9,0.08,5,1,0
2025-01-18,Chocolate,83,4,36.9,0.08,5,1,0
2025-01-18,Eggs,107,7,36.9,0.08,5,1,0
2025-01-18,Milk,104,11,36.9,0.08,5,1,0
2025-01-18,Hot-Dogs,56,5,36.9,0.08,5,1,0
2025-01-19,Strawberries,49,8,33.1,0.35,6,1,0
2025-01-19,Chocolate,64,3,33.1,0.35,6,1,0
2025-01-19,Eggs,88,7,33.1,0.35,6,1,0
2025-01-19,Milk,107,12,33.1,0.35,6,1,0
2025-01-19,Hot-Dogs,60,5,33.1,0.35,6,1,0
2025-01-20,Strawberries,35,6,19.1,0.01,0,0,1
2025-01-20,Chocolate,97,4,19.1,0.01,0,0,1
2025-01-20,Eggs,95,7,19.1,0.01,0,0,1
2025-01-20,Milk,128,12,19.1,0.01,0,0,1
2025-01-20,Hot-Dogs,41,3,19.1,0.01,0,0,1
2025-01-21,Strawberries,28,5,11.3,0.02,1,0,0
2025-01-21,Chocolate,65,3,11.3,0.02,1,0,0
2025-01-21,Eggs,61,5,11.3,0.02,1,0,0
2025-01-21,Milk,111,13,11.3,0.02,1,0,0
2025-01-21,Hot-Dogs,33,3,11.3,0.02,1,0,0
2025-01-22,Strawberries,34,5,10.6,0.0,2,0,0
2025-01-22,Chocolate,68,3,10.6,0.0,2,0,0
2025-01-22,Eggs,75,6,10.6,0.0,2,0,0
2025-01-22,Milk,88,10,10.6,0.0,2,0,0
2025-01-22,Hot-Dogs,33,3,10.6,0.0,2,0,0
2025-01-23,Strawberries,39,6,16.3,0.0,3,0,0
2025-01-23,Chocolate,69,3,16.3,0.0,3,0,0
2025-01-23,Eggs,80,6,16.3,0.0,3,0,0
2025-01-23,Milk,108,11,16.3,0.0,3,0,0
2025-01-23,Hot-Dogs,35,3,16.3,0.0,3,0,0
2025-01-24,Strawberries,42,6,20.4,0.0,4,0,0
2025-01-24,Chocolate,68,3,20.4,0.0,4,0,0
2025-01-24,Eggs,76,6,20.4,0.0,4,0,0
2025-01-24,Milk,124,13,20.4,0.0,4,0,0
2025-01-24,Hot-Dogs,45,4,20.4,0.0,4,0,0
2025-01-25,Strawberries,49,7,19.3,0.0,5,1,0
2025-01-25,Chocolate,85,4,19.3,0.0,5,1,0
2025-01-25,Eggs,98,6,19.3,0.0,5,1,0
2025-01-25,Milk,109,13,19.3,0.0,5,1,0
2025-01-25,Hot-Dogs,61,4,19.3,0.0,5,1,0
2025-01-26,Strawberries,53,11,30.0,0.0,6,1,0
2025-01-26,Chocolate,77,3,30.0,0.0,6,1,0
2025-01-26,Eggs,115,9,30.0,0.0,6,1,0
2025-01-26,Milk,140,19,30.0,0.0,6,1,0
2025-01-26,Hot-Dogs,62,6,30.0,0.0,6,1,0
2025-01-27,Strawberries,34,5,29.5,0.0,0,0,0
2025-01-27,Chocolate,68,3,29.5,0.0,0,0,0
2025-01-27,Eggs,65,4,29.5,0.0,0,0,0
2025-01-27,Milk,111,13,29.5,0.0,0,0,0
2025-01-27,Hot-Dogs,32,3,29.5,0.0,0,0,0
2025-01-28,Strawberries,34,5,33.0,0.0,1,0,0
2025-01-28,Chocolate,57,3,33.0,0.0,1,0,0
2025-01-28,Eggs,66,4,33.0,0.0,1,0,0
2025-01-28,Milk,98,11,33.0,0.0,1,0,0
2025-01-28,Hot-Dogs,34,4,33.0,0.0,1,0,0
2025-01-29,Strawberries,45,8,39.2,0.0,2,0,0
2025-01-29,Chocolate,69,4,39.2,0.0,2,0,0
2025-01-29,Eggs,84,6,39.2,0.0,2,0,0
2025-01-29,Milk,109,11,39.2,0.0,2,0,0
2025-01-29,Hot-Dogs,39,4,39.2,0.0,2,0,0
2025-01-30,Strawberries,39,7,28.2,0.0,3,0,0
2025-01-30,Chocolate,77,3,28.2,0.0,3,0,0
2025-01-30,Eggs,86,5,28.2,0.0,3,0,0
2025-01-30,Milk,107,12,28.2,0.0,3,0,0
2025-01-30,Hot-Dogs,43,4,28.2,0.0,3,0,0
2025-01-31,Strawberries,48,9,38.3,0.41,4,0,0
2025-01-31,Chocolate,60,2,38.3,0.41,4,0,0
2025-01-31,Eggs,73,6,38.3,0.41,4,0,0
2025-01-31,Milk,114,12,38.3,0.41,4,0,0
2025-01-31,Hot-Dogs,43,4,38.3,0.41,4,0,0
2025-02-01,Strawberries,47,7,33.1,0.09,5,1,0
2025-02-01,Chocolate,63,3,33.1,0.09,5,1,0
2025-02-01,Eggs,109,7,33.1,0.09,5,1,0
2025-02-01,Milk,125,17,33.1,0.09,5,1,0
2025-02-01,Hot-Dogs,67,6,33.1,0.09,5,1,0
2025-02-02,Strawberries,52,10,23.7,0.05,6,1,0
2025-02-02,Chocolate,65,3,23.7,0.05,6,1,0
2025-02-02,Eggs,109,7,23.7,0.05,6,1,0
2025-02-02,Milk,139,14,23.7,0.05,6,1,0
2025-02-02,Hot-Dogs,54,5,23.7,0.05,6,1,0
2025-02-03,Strawberries,39,6,35.2,0.01,0,0,0
2025-02-03,Chocolate,63,3,35.2,0.01,0,0,0
2025-02-03,Eggs,83,6,35.2,0.01,0,0,0
2025-02-03,Milk,98,12,35.2,0.01,0,0,0
2025-02-03,Hot-Dogs,37,3,35.2,0.01,0,0,0
2025-02-04,Strawberries,42,6,38.3,0.01,1,0,0
2025-02-04,Chocolate,67,3,38.3,0.01,1,0,0
2025-02-04,Eggs,61,3,38.3,0.01,1,0,0
2025-02-04,Milk,95,10,38.3,0.01,1,0,0
2025-02-04,Hot-Dogs,37,3,38.3,0.01,1,0,0
2025-02-05,Strawberries,34,6,29.3,0.0,2,0,0
2025-02-05,Chocolate,66,3,29.3,0.0,2,0,0
2025-02-05,Eggs,75,7,29.3,0.0,2,0,0
2025-02-05,Milk,85,8,29.3,0.0,2,0,0
2025-02-05,Hot-Dogs,40,4,29.3,0.0,2,0,0
2025-02-06,Strawberries,41,6,33.8,0.34,3,0,0
2025-02-06,Chocolate,58,3,33.8,0.34,3,0,0
2025-02-06,Eggs,79,6,33.8,0.34,3,0,0
2025-02-06,Milk,83,12,33.8,0.34,3,0,0
2025-02-06,Hot-Dogs,44,4,33.8,0.34,3,0,0
2025-02-07,Strawberries,44,8,34.3,0.0,4,0,0
2025-02-07,Chocolate,80,4,34.3,0.0,4,0,0
2025-02-07,Eggs,95,8,34.3,0.0,4,0,0
2025-02-07,Milk,118,15,34.3,0.0,4,0,0
2025-02-07,Hot-Dogs,52,4,34.3,0.0,4,0,0
2025-02-08,Strawberries,40,8,28.5,0.31,5,1,0
2025-02-08,Chocolate,80,3,28.5,0.31,5,1,0
2025-02-08,Eggs,117,10,28.5,0.31,5,1,0
2025-02-08,Milk,114,13,28.5,0.31,5,1,0
2025-02-08,Hot-Dogs,60,6,28.5,0.31,5,1,0
2025-02-09,Strawberries,50,10,31.6,0.25,6,1,0
2025-02-09,Chocolate,77,4,31.6,0.25,6,1,0
2025-02-09,Eggs,98,9,31.6,0.25,6,1,0
2025-02-09,Milk,102,15,31.6,0.25,6,1,0
2025-02-09,Hot-Dogs,58,7,31.6,0.25,6,1,0
2025-02-10,Strawberries,34,7,28.1,0.0,0,0,0
2025-02-10,Chocolate,64,3,28.1,0.0,0,0,0
2025-02-10,Eggs,69,6,28.1,0.0,0,0,0
2025-02-10,Milk,108,11,28.1,0.0,0,0,0
2025-02-10,Hot-Dogs,30,2,28.1,0.0,0,0,0
2025-02-11,Strawberries,36,7,24.2,0.05,1,0,0
2025-02-11,Chocolate,59,3,24.2,0.05,1,0,0
2025-02-11,Eggs,79,6,24.2,0.05,1,0,0
2025-02-11,Milk,108,12,24.2,0.05,1,0,0
2025-02-11,Hot-Dogs,36,4,24.2,0.05,1,0,0
2025-02-12,Strawberries,35,5,30.6,0.18,2,0,0
2025-02-12,Chocolate,62,2,30.6,0.18,2,0,0
2025-02-12,Eggs,76,6,30.6,0.18,2,0,0
2025-02-12,Milk,89,8,30.6,0.18,2,0,0
2025-02-12,Hot-Dogs,34,2,30.6,0.18,2,0,0
2025-02-13,Strawberries,42,7,37.9,0.26,3,0,0
2025-02-13,Chocolate,67,3,37.9,0.26,3,0,0
2025-02-13,Eggs,74,6,37.9,0.26,3,0,0
2025-02-13,Milk,110,12,37.9,0.26,3,0,0
2025-02-13,Hot-Dogs,42,3,37.9,0.26,3,0,0
2025-02-14,Strawberries,55,10,29.8,0.0,4,0,1
2025-02-14,Chocolate,101,5,29.8,0.0,4,0,1
2025-02-14,Eggs,103,7,29.8,0.0,4,0,1
2025-02-14,Milk,134,17,29.8,0.0,4,0,1
2025-02-14,Hot-Dogs,59,5,29.8,0.0,4,0,1
2025-02-15,Strawberries,40,8,30.1,0.27,5,1,0
2025-02-15,Chocolate,66,3,30.1,0.27,5,1,0
2025-02-15,Eggs,114,11,30.1,0.27,5,1,0
2025-02-15,Milk,131,15,30.1,0.27,5,1,0
2025-02-15,Hot-Dogs,63,6,30.1,0.27,5,1,0
2025-02-16,Strawberries,45,9,37.1,0.91,6,1,0
2025-02-16,Chocolate,62,3,37.1,0.91,6,1,0
2025-02-16,Eggs,100,7,37.1,0.91,6,1,0
2025-02-16,Milk,102,12,37.1,0.91,6,1,0
2025-02-16,Hot-Dogs,55,5,37.1,0.91,6,1,0
2025-02-17,Strawberries,37,7,29.1,0.0,0,0,0
2025-02-17,Chocolate,53,2,29.1,0.0,0,0,0
2025-02-17,Eggs,79,5,29.1,0.0,0,0,0
2025-02-17,Milk,94,10,29.1,0.0,0,0,0
2025-02-17,Hot-Dogs,32,2,29.1,0.0,0,0,0
2025-02-18,Strawberries,33,6,22.3,0.0,1,0,0
2025-02-18,Chocolate,55,2,22.3,0.0,1,0,0
2025-02-18,Eggs,79,6,22.3,0.0,1,0,0
2025-02-18,Milk,109,14,22.3,0.0,1,0,0
2025-02-18,Hot-Dogs,34,4,22.3,0.0,1,0,0
2025-02-19,Strawberries,32,6,22.5,0.0,2,0,0
2025-02-19,Chocolate,62,2,22.5,0.0,2,0,0
2025-02-19,Eggs,67,4,22.5,0.0,2,0,0
2025-02-19,Milk,105,12,22.5,0.0,2,0,0
2025-02-19,Hot-Dogs,36,3,22.5,0.0,2,0,0
2025-02-20,Strawberries,38,7,23.1,0.04,3,0,0
2025-02-20,Chocolate,70,3,23.1,0.04,3,0,0
2025-02-20,Eggs,68,6,23.1,0.04,3,0,0
2025-02-20,Milk,90,9,23.1,0.04,3,0,0
2025-02-20,Hot-Dogs,35,3,23.1,0.04,3,0,0
2025-02-21,Strawberries,44,7,24.7,0.0,4,0,0
2025-02-21,Chocolate,81,4,24.7,0.0,4,0,0
2025-02-21,Eggs,72,5,24.7,0.0,4,0,0
2025-02-21,Milk,115,14,24.7,0.0,4,0,0
2025-02-21,Hot-Dogs,48,5,24.7,0.0,4,0,0
2025-02-22,Strawberries,54,8,27.9,0.0,5,1,0
2025-02-22,Chocolate,84,3,27.9,0.0,5,1,0
2025-02-22,Eggs,113,9,27.9,0.0,5,1,0
2025-02-22,Milk,126,15,27.9,0.0,5,1,0
2025-02-22,Hot-Dogs,51,5,27.9,0.0,5,1,0
2025-02-23,Strawberries,51,9,36.3,0.0,6,1,0
2025-02-23,Chocolate,76,4,36.3,0.0,6,1,0
2025-02-23,Eggs,108,7,36.3,0.0,6,1,0
2025-02-23,Milk,103,13,36.3,0.0,6,1,0
2025-02-23,Hot-Dogs,58,6,36.3,0.0,6,1,0
2025-02-24,Strawberries,31,4,38.0,0.0,0,0,0
2025-02-24,Chocolate,65,2,38.0,0.0,0,0,0
2025-02-24,Eggs,69,5,38.0,0.0,0,0,0
2025-02-24,Milk,109,14,38.0,0.0,0,0,0
2025-02-24,Hot-Dogs,43,3,38.0,0.0,0,0,0
2025-02-25,Strawberries,38,7,44.6,0.0,1,0,0
2025-02-25,Chocolate,58,3,44.6,0.0,1,0,0
2025-02-25,Eggs,78,5,44.6,0.0,1,0,0
2025-02-25,Milk,86,11,44.6,0.0,1,0,0
2025-02-25,Hot-Dogs,42,4,44.6,0.0,1,0,0
2025-02-26,Strawberries,46,8,44.7,0.0,2,0,0
2025-02-26,Chocolate,61,3,44.7,0.0,2,0,0
2025-02-26,Eggs,75,6,44.7,0.0,2,0,0
2025-02-26,Milk,95,9,44.7,0.0,2,0,0
2025-02-26,Hot-Dogs,51,5,44.7,0.0,2,0,0
2025-02-27,Strawberries,41,7,47.2,0.36,3,0,0
2025-02-27,Chocolate,65,4,47.2,0.36,3,0,0
2025-02-27,Eggs,76,6,47.2,0.36,3,0,0
2025-02-27,Milk,91,14,47.2,0.36,3,0,0
2025-02-27,Hot-Dogs,49,6,47.2,0.36,3,0,0
2025-02-28,Strawberries,48,8,42.8,0.0,4,0,0
2025-02-28,Chocolate,73,3,42.8,0.0,4,0,0
2025-02-28,Eggs,82,7,42.8,0.0,4,0,0
2025-02-28,Milk,97,11,42.8,0.0,4,0,0
2025-02-28,Hot-Dogs,47,3,42.8,0.0,4,0,0
2025-03-01,Strawberries,49,8,44.4,0.0,5,1,0
2025-03-01,Chocolate,70,4,44.4,0.0,5,1,0
2025-03-01,Eggs,122,10,44.4,0.0,5,1,0
2025-03-01,Milk,119,17,44.4,0.0,5,1,0
2025-03-01,Hot-Dogs,60,6,44.4,0.0,5,1,0
2025-03-02,Strawberries,42,8,25.8,0.0,6,1,0
2025-03-02,Chocolate,83,3,25.8,0.0,6,1,0
2025-03-02,Eggs,104,6,25.8,0.0,6,1,0
2025-03-02,Milk,110,13,25.8,0.0,6,1,0
2025-03-02,Hot-Dogs,59,5,25.8,0.0,6,1,0
2025-03-03,Strawberries,29,4,29.0,0.0,0,0,0
2025-03-03,Chocolate,55,2,29.0,0.0,0,0,0
2025-03-03,Eggs,71,5,29.0,0.0,0,0,0
2025-03-03,Milk,88,9,29.0,0.0,0,0,0
2025-03-03,Hot-Dogs,37,3,29.0,0.0,0,0,0
2025-03-04,Strawberries,33,7,40.4,0.0,1,0,0
2025-03-04,Chocolate,57,2,40.4,0.0,1,0,0
2025-03-04,Eggs,76,5,40.4,0.0,1,0,0
2025-03-04,Milk,98,12,40.4,0.0,1,0,0
2025-03-04,Hot-Dogs,40,4,40.4,0.0,1,0,0
2025-03-05,Strawberries,32,5,49.3,1.54,2,0,0
2025-03-05,Chocolate,46,2,49.3,1.54,2,0,0
2025-03-05,Eggs,56,4,49.3,1.54,2,0,0
2025-03-05,Milk,75,9,49.3,1.54,2,0,0
2025-03-05,Hot-Dogs,42,4,49.3,1.54,2,0,0
2025-03-06,Strawberries,37,6,49.2,0.11,3,0,0
2025-03-06,Chocolate,62,2,49.2,0.11,3,0,0
2025-03-06,Eggs,76,5,49.2,0.11,3,0,0
2025-03-06,Milk,110,13,49.2,0.11,3,0,0
2025-03-06,Hot-Dogs,52,4,49.2,0.11,3,0,0
2025-03-07,Strawberries,48,10,38.7,0.0,4,0,0
2025-03-07,Chocolate,68,3,38.7,0.0,4,0,0
2025-03-07,Eggs,88,5,38.7,0.0,4,0,0
2025-03-07,Milk,93,13,38.7,0.0,4,0,0
2025-03-07,Hot-Dogs,50,4,38.7,0.0,4,0,0
2025-03-08,Strawberries,52,9,38.3,0.0,5,1,0
2025-03-08,Chocolate,73,4,38.3,0.0,5,1,0
2025-03-08,Eggs,113,8,38.3,0.0,5,1,0
2025-03-08,Milk,112,12,38.3,0.0,5,1,0
2025-03-08,Hot-Dogs,56,5,38.3,0.0,5,1,0
2025-03-09,Strawberries,47,8,38.5,0.0,6,1,0
2025-03-09,Chocolate,70,3,38.5,0.0,6,1,0
2025-03-09,Eggs,118,9,38.5,0.0,6,1,0
2025-03-09,Milk,118,15,38.5,0.0,6,1,0
2025-03-09,Hot-Dogs,69,6,38.5,0.0,6,1,0
2025-03-10,Strawberries,41,6,48.9,0.0,0,0,0
2025-03-10,Chocolate,54,2,48.9,0.0,0,0,0
2025-03-10,Eggs,80,6,48.9,0.0,0,0,0
2025-03-10,Milk,101,12,48.9,0.0,0,0,0
2025-03-10,Hot-Dogs,45,4,48.9,0.0,0,0,0
2025-03-11,Strawberries,39,6,49.0,0.0,1,0,0
2025-03-11,Chocolate,54,2,49.0,0.0,1,0,0
2025-03-11,Eggs,65,4,49.0,0.0,1,0,0
2025-03-11,Milk,100,10,49.0,0.0,1,0,0
2025-03-11,Hot-Dogs,52,5,49.0,0.0,1,0,0
2025-03-12,Strawberries,47,10,45.2,0.0,2,0,0
2025-03-12,Chocolate,58,3,45.2,0.0,2,0,0
2025-03-12,Eggs,65,4,45.2,0.0,2,0,0
2025-03-12,Milk,92,10,45.2,0.0,2,0,0
2025-03-12,Hot-Dogs,49,4,45.2,0.0,2,0,0
2025-03-13,Strawberries,38,6,42.1,0.0,3,0,0
2025-03-13,Chocolate,72,4,42.1,0.0,3,0,0
2025-03-13,Eggs,70,5,42.1,0.0,3,0,0
2025-03-13,Milk,89,12,42.1,0.0,3,0,0
2025-03-13,Hot-Dogs,46,4,42.1,0.0,3,0,0
2025-03-14,Strawberries,45,9,42.7,0.0,4,0,0
2025-03-14,Chocolate,71,4,42.7,0.0,4,0,0
2025-03-14,Eggs,91,7,42.7,0.0,4,0,0
2025-03-14,Milk,112,15,42.7,0.0,4,0,0
2025-03-14,Hot-Dogs,46,4,42.7,0.0,4,0,0
2025-03-15,Strawberries,53,10,43.7,0.02,5,1,0
2025-03-15,Chocolate,64,3,43.7,0.02,5,1,0
2025-03-15,Eggs,118,9,43.7,0.02,5,1,0
2025-03-15,Milk,112,14,43.7,0.02,5,1,0
2025-03-15,Hot-Dogs,77,7,43.7,0.02,5,1,0
2025-03-16,Strawberries,52,11,54.7,0.32,6,1,0
2025-03-16,Chocolate,61,2,54.7,0.32,6,1,0
2025-03-16,Eggs,108,8,54.7,0.32,6,1,0
2025-03-16,Milk,116,16,54.7,0.32,6,1,0
2025-03-16,Hot-Dogs,72,8,54.7,0.32,6,1,0
2025-03-17,Strawberries,36,8,52.7,1.22,0,0,0
2025-03-17,Chocolate,46,2,52.7,1.22,0,0,0
2025-03-17,Eggs,56,4,52.7,1.22,0,0,0
2025-03-17,Milk,88,13,52.7,1.22,0,0,0
2025-03-17,Hot-Dogs,31,3,52.7,1.22,0,0,0
2025-03-18,Strawberries,40,7,44.1,0.0,1,0,0
2025-03-18,Chocolate,57,3,44.1,0.0,1,0,0
2025-03-18,Eggs,63,4,44.1,0.0,1,0,0
2025-03-18,Milk,83,9,44.1,0.0,1,0,0
2025-03-18,Hot-Dogs,40,4,44.1,0.0,1,0,0
2025-03-19,Strawberries,37,5,46.4,0.0,2,0,0
2025-03-19,Chocolate,71,2,46.4,0.0,2,0,0
2025-03-19,Eggs,73,6,46.4,0.0,2,0,0
2025-03-19,Milk,97,11,46.4,0.0,2,0,0
2025-03-19,Hot-Dogs,46,5,46.4,0.0,2,0,0
2025-03-20,Strawberries,39,6,45.9,0.45,3,0,0
2025-03-20,Chocolate,56,3,45.9,0.45,3,0,0
2025-03-20,Eggs,84,6,45.9,0.45,3,0,0
2025-03-20,Milk,106,11,45.9,0.45,3,0,0
2025-03-20,Hot-Dogs,49,4,45.9,0.45,3,0,0
2025-03-21,Strawberries,39,7,43.5,0.29,4,0,0
2025-03-21,Chocolate,62,4,43.5,0.29,4,0,0
2025-03-21,Eggs,82,6,43.5,0.29,4,0,0
2025-03-21,Milk,112,12,43.5,0.29,4,0,0
2025-03-21,Hot-Dogs,55,6,43.5,0.29,4,0,0
2025-03-22,Strawberries,51,7,46.8,0.0,5,1,0
2025-03-22,Chocolate,67,2,46.8,0.0,5,1,0
2025-03-22,Eggs,110,8,46.8,0.0,5,1,0
2025-03-22,Milk,120,12,46.8,0.0,5,1,0
2025-03-22,Hot-Dogs,73,8,46.8,0.0,5,1,0
2025-03-23,Strawberries,45,7,37.5,0.0,6,1,0
2025-03-23,Chocolate,81,4,37.5,0.0,6,1,0
2025-03-23,Eggs,122,8,37.5,0.0,6,1,0
2025-03-23,Milk,108,13,37.5,0.0,6,1,0
2025-03-23,Hot-Dogs,72,8,37.5,0.0,6,1,0
2025-03-24,Strawberries,35,8,44.6,0.54,0,0,0
2025-03-24,Chocolate,54,3,44.6,0.54,0,0,0
2025-03-24,Eggs,75,7,44.6,0.54,0,0,0
2025-03-24,Milk,94,10,44.6,0.54,0,0,0
2025-03-24,Hot-Dogs,43,4,44.6,0.54,0,0,0
2025-03-25,Strawberries,34,6,48.5,0.0,1,0,0
2025-03-25,Chocolate,61,2,48.5,0.0,1,0,0
2025-03-25,Eggs,64,4,48.5,0.0,1,0,0
2025-03-25,Milk,86,9,48.5,0.0,1,0,0
2025-03-25,Hot-Dogs,43,4,48.5,0.0,1,0,0
2025-03-26,Strawberries,44,9,42.7,0.01,2,0,0
2025-03-26,Chocolate,72,3,42.7,0.01,2,0,0
2025-03-26,Eggs,76,5,42.7,0.01,2,0,0
2025-03-26,Milk,92,9,42.7,0.01,2,0,0
2025-03-26,Hot-Dogs,40,4,42.7,0.01,2,0,0
2025-03-27,Strawberries,45,9,40.1,0.0,3,0,0
2025-03-27,Chocolate,67,3,40.1,0.0,3,0,0
2025-03-27,Eggs,70,5,40.1,0.0,3,0,0
2025-03-27,Milk,111,12,40.1,0.0,3,0,0
2025-03-27,Hot-Dogs,45,3,40.1,0.0,3,0,0
2025-03-28,Strawberries,47,9,50.0,0.05,4,0,0
2025-03-28,Chocolate,70,3,50.0,0.05,4,0,0
2025-03-28,Eggs,79,7,50.0,0.05,4,0,0
2025-03-28,Milk,108,11,50.0,0.05,4,0,0
2025-03-28,Hot-Dogs,59,5,50.0,0.05,4,0,0
2025-03-29,Strawberries,53,9,60.7,0.29,5,1,0
2025-03-29,Chocolate,57,2,60.7,0.29,5,1,0
2025-03-29,Eggs,111,10,60.7,0.29,5,1,0
2025-03-29,Milk,107,16,60.7,0.29,5,1,0
2025-03-29,Hot-Dogs,84,11,60.7,0.29,5,1,0
2025-03-30,Strawberries,55,9,47.5,0.01,6,1,0
2025-03-30,Chocolate,61,2,47.5,0.01,6,1,0
2025-03-30,Eggs,100,6,47.5,0.01,6,1,0
2025-03-30,Milk,117,14,47.5,0.01,6,1,0
2025-03-30,Hot-Dogs,79,7,47.5,0.01,6,1,0
2025-03-31,Strawberries,31,5,61.7,1.54,0,0,0
2025-03-31,Chocolate,35,1,61.7,1.54,0,0,0
2025-03-31,Eggs,58,4,61.7,1.54,0,0,0
2025-03-31,Milk,72,10,61.7,1.54,0,0,0
2025-03-31,Hot-Dogs,33,3,61.7,1.54,0,0,0
